sesion_sugerida,autores,anio,titulo,revista,nivel,dominio,metodos_ml,interpretacion,doi,url,citas_openalex,resumen_es,por_que_es,confianza
1,Galit Shmueli,2010,To Explain or to Predict?,Statistical Science,Methods,evaluación/validación,,explicar vs. predecir; sesgo-varianza y error de predicción,10.1214/10-sts330,https://doi.org/10.1214/10-sts330,2467,"Distingue el modelado explicativo (causal, basado en teoría) del predictivo, y muestra que difieren en diseño, selección de variables y validación (in-sample vs. out-of-sample), y en que un modelo 'incorrecto' puede predecir mejor por el intercambio sesgo-varianza. Efron (2020, Journal of the American Statistical Association, 'Prediction, Estimation, and Attribution') extiende el argumento: los algoritmos de predicción no están diseñados para la atribución (qué variables importan). Es el marco conceptual con el que el economista decide qué métrica y qué validación exigirle a un modelo.",Lectura de apertura de la sesión de evaluación: fija el vocabulario explicar/predecir/atribuir que organiza el curso.,alta
1,Sendhil Mullainathan; Jann Spiess,2017,Machine Learning: An Applied Econometric Approach,Journal of Economic Perspectives,Survey,guía para economistas,LASSO; random forest; boosting; ensambles,inestabilidad de la selección de variables; predicción vs. estimación de parámetros,10.1257/jep.31.2.87,https://doi.org/10.1257/jep.31.2.87,1962,"Presenta el ML supervisado a los economistas como un problema de predicción (y-hat) distinto de la estimación de parámetros (beta-hat), con la regularización y la validación cruzada como piezas centrales, e ilustra con precios de vivienda que modelos igualmente predictivos seleccionan variables distintas. Storm, Baylis & Heckelei (2020, European Review of Agricultural Economics) ofrecen la guía análoga para economía agrícola y aplicada. Es la lectura introductoria estándar para explicar por qué las importancias de un modelo predictivo no son coeficientes causales.",Lectura base de la sesión introductoria y del debate y-hat vs. beta-hat que enmarca la interpretación.,alta
1,Hal R. Varian,2014,Big Data: New Tricks for Econometrics,Journal of Economic Perspectives,Survey,guía para economistas,árboles de clasificación; random forest; boosting; LASSO; BART; Bayesian model averaging,variable importance; partial dependence; validación cruzada,10.1257/jep.28.2.3,https://doi.org/10.1257/jep.28.2.3,1587,"Primera guía en JEP sobre herramientas de ML para econometristas: árboles, random forests, boosting, LASSO y promediado bayesiano de modelos, con ejemplos (Titanic, hipotecas HMDA) y una defensa de la validación cruzada y de los gráficos de dependencia parcial como forma de resumir modelos flexibles. Es una lectura accesible que ya muestra importancias de variables y PDP en un contexto económico.",Lectura introductoria accesible; sus ejemplos con importancia de variables y PDP sirven como primer contacto en clase.,alta
1,Susan Athey; Guido W. Imbens,2019,Machine Learning Methods That Economists Should Know About,Annual Review of Economics,Survey,guía para economistas,LASSO; random forest; boosting; redes neuronales; causal forests; double/debiased ML; matrix completion,validación cruzada; efectos heterogéneos; predicción vs. inferencia causal,10.1146/annurev-economics-080217-053433,https://doi.org/10.1146/annurev-economics-080217-053433,1117,"Revisión sistemática de métodos de ML (regularización, árboles, boosting, redes, factorización) y de su adaptación a preguntas causales (efectos heterogéneos, causal forests, double ML), con énfasis en la validación cruzada y en qué cambia cuando el objetivo es inferencia. Athey (2019, capítulo 'The Impact of Machine Learning on Economics' en The Economics of Artificial Intelligence: An Agenda, University of Chicago Press, pp. 507-552) es la versión ensayística; Chernozhukov et al. (2018, The Econometrics Journal) desarrollan el double/debiased ML y Dell (2025, Journal of Economic Literature, 'Deep Learning for Economists') actualiza la guía para deep learning.",Lectura de referencia del curso para ubicar la interpretación y la evaluación dentro del mapa de métodos de ML en economía.,alta
1,Jon Kleinberg; Jens Ludwig; Sendhil Mullainathan; Ziad Obermeyer,2015,Prediction Policy Problems,American Economic Review (Papers and Proceedings),Top5-PP,guía para economistas,LASSO (regresión logística L1); predicción supervisada; regresión regularizada,error por colas/cuantiles; otro: partición entrenamiento/prueba; cirugías fútiles evitables y ahorros por percentil de riesgo predicho; predicción vs. causalidad en política pública; predicho vs observado,10.1257/aer.p20151023,https://doi.org/10.1257/aer.p20151023,592,Con una muestra del 20% de Medicare (98.090 reemplazos de cadera o rodilla en 2010) predicen la mortalidad en los 1–12 meses posteriores a la cirugía con LASSO sobre 3.305 variables construidas a partir de reclamaciones previas; ajustan en 65.395 observaciones y evalúan en las 32.695 restantes. Interpretan la mortalidad observada por percentiles de riesgo predicho (el 1% más riesgoso muere en 56% de los casos y concentra el 10% de las cirugías fútiles) y calculan cuántas cirugías se evitarían y cuánto se ahorraría al reasignar a los pacientes del decil más riesgoso.,Lectura corta para motivar por qué la evaluación fuera de muestra es el objetivo en muchos problemas de política.,alta
1,"Gentzkow, Shapiro & Taddy",2019,Measuring Group Differences in High-Dimensional Choices: Method and Application to Congressional Speech,Econometrica,Top5,economía política / texto,regresión multinomial penalizada L1 (LASSO) con aproximación Poisson; estimador leave-out,otro: el partidismo se define como la precisión esperada con que un observador predice el partido de un legislador a partir de una frase; otro: corrección del sesgo de muestra finita del estimador de máxima verosimilitud (leave-out y penalización); frases más partidistas por período,10.3982/ecta16566,https://doi.org/10.3982/ECTA16566,396,"Mide el partidismo del discurso del Congreso de EE. UU. (1873–2016) como la facilidad con que un observador neutral podría inferir el partido de un legislador a partir de una sola frase, es decir, una cantidad de precisión predictiva dentro de un modelo de elección multinomial de alta dimensión. Muestran que el estimador de máxima verosimilitud sobreestima gravemente esa predictibilidad por sesgo de muestra finita, lo corrigen con un estimador leave-out y con una penalización L1 tipo LASSO (aproximación Poisson), interpretan las frases más partidistas de cada época y documentan el salto de polarización desde los años noventa.",Ejemplo de la exactitud predictiva como cantidad de interés y de por qué la regularización importa para no confundir ruido con señal.,alta
1,"Salganik, Lundberg, Kindel, Ahearn, Al-Ghoneim, Almaatouq et al.",2020,Measuring the predictability of life outcomes with a scientific mass collaboration,Proceedings of the National Academy of Sciences,GeneralScience,política pública/desigualdad,"160 modelos de ML de equipos independientes (ridge, ensambles y otros) en el Fragile Families Challenge",R2 fuera de muestra; predictibilidad como cantidad de interés; otro: comparación con un modelo de referencia simple de pocas variables; error asociado a la familia predicha más que a la técnica,10.1073/pnas.1915006117,https://doi.org/10.1073/pnas.1915006117,334,"En el Fragile Families Challenge, 160 equipos usaron métodos de ML sobre datos longitudinales de 15 años para predecir seis resultados de vida (por ejemplo, promedio escolar, desalojo y dificultades materiales). El desempeño se midió con el R² en datos de retención (holdout): las mejores predicciones fueron poco precisas y apenas superaron un modelo de referencia simple con pocas variables, y el error de predicción resultó fuertemente asociado a la familia predicha y débilmente a la técnica usada, lo que sugiere límites prácticos a la predictibilidad de trayectorias de vida.",Es la demostración más contundente de la predictibilidad como cantidad de interés y de los límites de la predicción para política social.,alta
1,Cranmer & Desmarais,2017,What Can We Learn from Predictive Modeling?,Political Analysis,PoliSci,economía política/conflicto,modelos predictivos evaluados con validación cruzada k-fold (logit y alternativas),predictibilidad como cantidad de interés; AUC/ROC; otro: criterios de referencia (benchmarks) para juzgar modelos predictivos y aporte predictivo de las variables fuera de muestra,10.1017/pan.2017.3,https://doi.org/10.1017/pan.2017.3,102,"Argumentan que la modelación predictiva —especificar modelos que ajusten bien datos de prueba no usados en la estimación— complementa el análisis asociativo habitual (regresiones) en ciencia política, y proponen un conjunto sencillo de criterios de referencia para juzgar el desempeño predictivo. Ilustran el enfoque con una aplicación detallada a la predicción de conflictos interestatales, usando validación cruzada y curvas ROC/AUC para mostrar cómo el aporte predictivo fuera de muestra de las variables informa sobre la teoría.","Marco conceptual, con ejemplo aplicado, para justificar la predictibilidad fuera de muestra como cantidad de interés en un curso de ML aplicado.",media
1,Fudenberg & Liang,2019,Predicting and Understanding Initial Play,American Economic Review,Top5,teoría/comportamiento,árboles de decisión; bagging (bagged decision trees); redes neuronales (apéndice),accuracy fuera de muestra; completitud/evaluación de teorías; generación de hipótesis; otro: validación cruzada 10-fold; árbol híbrido que elige juego por juego entre dos modelos económicos,10.1257/aer.20180654,https://doi.org/10.1257/aer.20180654,64,"Predicen la acción inicial en juegos matriciales 3x3 usando datos de experimentos previos y de juegos generados algorítmicamente; entrenan árboles de decisión y bagged trees sobre características de los pagos y evalúan la exactitud con validación cruzada de 10 pliegues, reportando además la completitud (porcentaje de la mejora alcanzable sobre un benchmark ingenuo). Examinan los juegos donde el ML acierta y los modelos económicos (level-k, jerarquía cognitiva) fallan, lo que los lleva a añadir un parámetro de aversión al riesgo al modelo level-1; un modelo híbrido usa un árbol para decidir, juego por juego, cuál de dos modelos económicos usar.",Modelo de cómo usar la exactitud fuera de muestra del ML como vara para evaluar y mejorar teorías económicas.,alta
1,"Fudenberg, Kleinberg, Liang & Mullainathan",2022,Measuring the Completeness of Economic Models,Journal of Political Economy,Top5,teoría/comportamiento,tabla de búsqueda (lookup table) no paramétrica; bagged decision trees; random forest (referencia),completitud/evaluación de teorías; accuracy fuera de muestra; otro: error irreducible estimado con el mejor predictor de caja negra; validación cruzada 10-fold,10.1086/718371,https://doi.org/10.1086/718371,51,"Define la completitud de un modelo como la fracción de la variación predecible que captura, (E_naive − E_modelo)/(E_naive − E_irreducible), donde el error irreducible se estima con el mejor predictor de caja negra disponible. Lo aplica a tres problemas experimentales (equivalentes ciertos de loterías, juego inicial en juegos matriciales y generación humana de secuencias aleatorias): aproxima el error irreducible con una lookup table (y bagged trees como comparación) usando el error de predicción con validación cruzada de 10 pliegues, y lo contrasta con el error fuera de muestra de teorías prominentes como prospect theory o level-k.","Da una métrica para juzgar teorías con la predicción de ML como cota superior, no solo con tests de significancia.",alta
1,Bertrand & Kamenica,2023,Coming Apart? Cultural Distances in the United States over Time,American Economic Journal: Applied Economics,TopField,cultura,"ensamble de elastic net, árbol de regresión y random forest con pesos OLS (Mullainathan y Spiess)",accuracy fuera de muestra; predictibilidad como cantidad de interés; variable importance; otro: evolución temporal (1965–2016) de la exactitud predictiva por dimensión cultural,10.1257/app.20210663,https://doi.org/10.1257/app.20210663,50,"Definen la distancia cultural entre grupos de EE. UU. (ingreso, educación, género, raza e ideología) como la capacidad de predecir fuera de muestra la pertenencia al grupo a partir del consumo de medios, el comportamiento de consumo, el uso del tiempo, las actitudes sociales y los nombres de recién nacidos. Usan un ensamble de elastic net, árbol de regresión y random forest combinados con pesos OLS y siguen la exactitud predictiva a lo largo de décadas para cada dimensión, mostrando además qué ítems (marcas, programas, actividades) son más predictivos; encuentran distancias culturales estables salvo la creciente divergencia ideológica en actitudes sociales.","Es el ejemplo más claro en economía de usar la exactitud fuera de muestra como cantidad de interés, en la línea de Kim y Zilinsky.",alta
2,"Nils Kok, Eija-Leena Koponen, Carmen Adriana Martínez-Barbosa",2017,Big Data in Real Estate? From Manual Appraisal to Automated Valuation,The Journal of Portfolio Management,TopField,inmobiliario comercial/AVM,modelo de valoración automatizada (AVM) basado en aprendizaje automático,otro: error absoluto del AVM (9%) frente a la precisión de los avalúos manuales; otro: valor de la información hiperlocal de localización,10.3905/jpm.2017.43.6.202,https://doi.org/10.3905/jpm.2017.43.6.202,149,"Desarrollan un modelo automatizado de valoración basado en aprendizaje automático para activos multifamiliares en EE. UU. (datos de Fannie Mae, GeoPhy y RCA) y lo comparan con los avalúos manuales tradicionales. El error absoluto del modelo automatizado es de 9%, comparable o mejor que la precisión documentada de los avalúos, con valores instantáneos y de bajo costo; destacan la importancia de la información hiperlocal sobre la localización del activo. La interpretación es sobre todo la comparación de errores y el papel de la localización.","Referencia de práctica profesional sobre AVM vs avalúo (revista de gestión de portafolio, no top-field), útil para motivar la evaluación del error de predicción; el algoritmo exacto no pudo verificarse.",media
2,"Michael Mayer, Steven C. Bourassa, Martin Hoesli, Donato Scognamiglio",2019,Estimation and updating methods for hedonic valuation,Journal of European Real Estate Research,TopField,vivienda/hedónicos,mínimos cuadrados; regresión robusta; efectos mixtos; random forest; gradient boosting; redes neuronales,"comparación ML vs hedónico/OLS; otro: errores de pronóstico a un trimestre (sesgo, RMSE, MAE, mediana del error absoluto) evaluados trimestre a trimestre; otro: volatilidad de las predicciones al actualizar el modelo (ventana móvil vs extendida)",10.1108/jerer-08-2018-0035,https://doi.org/10.1108/JERER-08-2018-0035,80,"Predicen precios de 123,090 casas unifamiliares vendidas en Suiza (2005–2017) con seis métodos (MCO, regresión robusta, efectos mixtos, random forest, gradient boosting y redes neuronales) y dos esquemas de actualización (ventana móvil y ventana extendida). Evalúan errores de predicción logarítmicos un trimestre adelante fuera de muestra (sesgo, RMSE, MAE y mediana del error absoluto) en cada trimestre de evaluación, y además la volatilidad de las valoraciones entre actualizaciones sucesivas. Gradient boosting es el más preciso y la regresión robusta la menos volátil, lo que revela un trade-off precisión–estabilidad; la elección de ventana tiene efectos modestos.","Ilustra la evaluación 'rodante' fuera de muestra y un criterio de interpretación poco usual (volatilidad de las valoraciones), relevante para AVM en la práctica; revista especializada, no top-field.",alta
2,"Lily Shen, Stephen L. Ross",2021,Information value of property description: A Machine learning approach,Journal of Urban Economics,TopField,vivienda/texto (hedónicos),procesamiento de lenguaje natural (embeddings de palabras reformulados como máxima verosimilitud); medida de unicidad textual de la propiedad,descomposición de varianza/R2; índices de precios; otro: canales de interpretación (calidad no observada vs poder de mercado),10.1016/j.jue.2020.103299,https://doi.org/10.1016/j.jue.2020.103299,52,Extraen información 'blanda' de las descripciones textuales de anuncios del MLS de Atlanta (2010–2017) con un algoritmo de NLP (embeddings de palabras reformulados como estimación por máxima verosimilitud) y construyen una medida de unicidad de cada propiedad. Evalúan la información añadida por el incremento del R² en modelos hedónicos (0.760→0.769; con unas 50 palabras clave 0.784→0.811) y de ventas repetidas: una desviación estándar de unicidad eleva el precio 15% (hedónico) y 10% (ventas repetidas). Muestran que ignorar esta calidad no observada sobreestima los índices de precios hedónicos entre 10% y 23% y desplaza el momento de estabilización tras la Gran Recesión.,Ejemplo en JUE de cómo un insumo de ML (texto) se evalúa por su aporte al R² y se traduce en interpretación económica e índices de precios.,alta
2,"Alexander N. Bogin, Jessica Shui",2020,Appraisal Accuracy and Automated Valuation Models in Rural Areas,The Journal of Real Estate Finance and Economics,TopField,vivienda/AVM,random forest; boosting; regresión hedónica; estimadores de contracción (shrinkage),R2 fuera de muestra; comparación ML vs hedónico/OLS; error por colas/cuantiles; otro: costo computacional vs precisión,10.1007/s11146-019-09712-0,https://doi.org/10.1007/s11146-019-09712-0,49,"Con el Uniform Appraisal Dataset de Fannie Mae y Freddie Mac (2012Q4–2016Q1) documentan que más del 25% de los avalúos rurales superan el precio de contrato en más de 5% y estiman AVM alternativos para propiedades rurales. Dividen la muestra 80/20 (336,216 observaciones de entrenamiento y 84,154 de prueba, 115 variables) y comparan R² y RMSE fuera de muestra: hedónico 0.680/0.319, random forest 0.722/0.297, boosting 0.676/0.321, además de estimadores de contracción. Interpretan el ajuste en las colas calculando R² separados para los cuartiles inferior y superior de la distribución de precios y discuten el costo computacional de cada método.",Ejemplo claro de comparación ML vs hedónico con R² fuera de muestra y análisis de error en las colas de la distribución de precios.,alta
2,"R. Kelley Pace, Darren K. Hayunga",2020,Examining the Information Content of Residuals from Hedonic and Spatial Models Using Trees and Forests,The Journal of Real Estate Finance and Economics,TopField,vivienda/hedónicos espaciales,CART; boosting; bagging / random forests; modelos espaciotemporales globales y locales (comparación),comparación ML vs hedónico/OLS; otro: árboles y bosques aplicados a los residuos de modelos hedónicos y espaciales para detectar información (no linealidades) omitida; otro: residuos fuera de muestra ('ex-sample') frente a métodos espaciotemporales globales y locales,10.1007/s11146-019-09724-w,https://doi.org/10.1007/s11146-019-09724-w,38,"Examinan si los residuos de modelos hedónicos y espaciales de precios de vivienda contienen información predictiva, aplicándoles árboles de regresión (CART), boosting y bagging, y comparan estos métodos con modelos espaciotemporales globales y locales que explotan la dependencia espacial y temporal de los datos inmobiliarios. La evaluación se basa en residuos fuera de muestra: el bagging funciona bien y supera a los métodos espaciotemporales globales, pero no a los locales. El ejercicio interpretativo es usar los árboles sobre los residuos como diagnóstico de no linealidades e interacciones omitidas por la especificación hedónica.","Muestra cómo usar ML como herramienta de diagnóstico de un modelo econométrico (información en los residuos), no solo como predictor.",media
2,"Marc K. Francke, Alex van de Minne",2024,Combining machine learning and econometrics: Application to commercial real estate prices,Real Estate Economics,TopField,inmobiliario comercial/índices,"red neuronal; modelo hedónico de efectos aleatorios (tendencia común, tendencias por tipo, valor de localización, efectos por propiedad); estimación iterativa conjunta (bayesiana)",comparación ML vs hedónico/OLS; índices de precios; otro: mapas de calor del valor de localización; otro: MAPE fuera de muestra con validación cruzada 10-fold y por subgrupo (propiedades con ventas repetidas),10.1111/1540-6229.12483,https://doi.org/10.1111/1540-6229.12483,14,"Predicen precios de 2,652 transacciones comerciales en Phoenix (2001–2021) combinando iterativamente un modelo de efectos aleatorios (tendencia común, tendencias por tipo de propiedad, valor de localización y efectos por propiedad) con una red neuronal para las características observadas. Con validación cruzada de 10 pliegues, el MAPE fuera de muestra es 14% para la red neuronal sola, 15% para el hedónico de efectos aleatorios y 11% para el modelo combinado (9% en propiedades con ventas repetidas en el entrenamiento), por debajo del error típico de los avalúos. Como interpretación, el componente econométrico entrega índices de precios y mapas de calor de localización que un ML puro no produce.","Muestra cómo repartir tareas entre ML (no linealidades) y econometría (índices, localización) y evaluar la combinación fuera de muestra.",alta
3,Tom Fawcett,2006,An introduction to ROC analysis,Pattern Recognition Letters,Methods,evaluación/validación,clasificadores binarios,ROC/PR; AUC; umbrales de clasificación,10.1016/j.patrec.2005.10.010,https://doi.org/10.1016/j.patrec.2005.10.010,21889,"Tutorial de referencia sobre curvas ROC: construcción, AUC, elección de umbral con costos asimétricos y comparación de clasificadores; muestra que la ROC es invariante a la distribución de clases. Saito & Rehmsmeier (2015, PLOS ONE) complementan que, con clases muy desbalanceadas (impago, fraude, informalidad), la curva precisión-recall es más informativa que la ROC. Ambas son la base para evaluar clasificadores de scoring en economía aplicada.","Lectura base de la sesión de evaluación de clasificadores: ROC/AUC y, con desbalance, curva PR.",alta
3,"Obermeyer, Powers, Vogeli & Mullainathan",2019,Dissecting racial bias in an algorithm used to manage the health of populations,Science,GeneralScience,salud,algoritmo comercial de predicción de costos (caja negra) auditado; reentrenamiento con etiquetas alternativas (salud en vez de costo),calibración; otro: calibración por raza; elección de la etiqueta (costo vs. salud) y simulación de reetiquetado,10.1126/science.aax2342,https://doi.org/10.1126/science.aax2342,6894,"Auditan un algoritmo comercial de riesgo, usado por sistemas de salud de EE. UU. para asignar programas de manejo de pacientes, que predice costos futuros como proxy de necesidades de salud. Comparan la calibración por raza: a un mismo score de riesgo, los pacientes negros tienen más enfermedades crónicas y peores indicadores clínicos que los blancos, y muestran que reetiquetar el objetivo (salud en vez de costo) elevaría la proporción de pacientes negros seleccionados para ayuda adicional de 17,7% a 46,5%, atribuyendo el sesgo a la elección de la variable a predecir pese a su aparente buena precisión.",Enseña que la calibración por grupos y la elección de la etiqueta son ejercicios de interpretación tan importantes como la exactitud global.,alta
3,Alexandru Niculescu-Mizil; Rich Caruana,2005,Predicting good probabilities with supervised learning,ICML,Methods,evaluación/validación,boosting; random forest; bagging; SVM; regresión logística; redes neuronales,calibración; Platt scaling; regresión isotónica; reliability diagrams,10.1145/1102351.1102430,https://doi.org/10.1145/1102351.1102430,1758,"Compara la calidad de las probabilidades que producen diez algoritmos y muestra que boosting y SVM las distorsionan sistemáticamente (hacia 0.5), mientras que bagging, random forests y redes están mejor calibrados; propone corregirlas con Platt scaling o regresión isotónica. Guo et al. (2017, ICML, 'On Calibration of Modern Neural Networks') actualizan el diagnóstico para redes profundas con temperature scaling. Para el economista es clave cuando la probabilidad predicha se usa como insumo (precio del riesgo, focalización) y no solo el ranking.",Referencia de calibración en la sesión de evaluación: por qué un buen AUC no garantiza buenas probabilidades.,alta
3,"Kleinberg, Lakkaraju, Leskovec, Ludwig & Mullainathan",2018,Human Decisions and Machine Predictions,The Quarterly Journal of Economics,Top5,justicia penal,gradient boosting (árboles),AUC/ROC; error por colas/cuantiles; predicho vs observado; comparación con humanos/expertos; otro: problema de etiquetas selectivas (contracción con jueces lenientes) y simulaciones de política,10.1093/qje/qjx032,https://doi.org/10.1093/qje/qjx032,808,"Predicen la falta de comparecencia (y re-arresto) de acusados en Nueva York 2008–2013 (758 mil casos) con gradient boosted trees usando el cargo actual, los antecedentes y la edad; parten la muestra en 40% entrenamiento, 40% imputación y 20% prueba, y reportan un AUC de 0,707 en la muestra de prueba. La interpretación gira en torno a percentiles de riesgo predicho: el 1% más riesgoso tiene 62,6% de riesgo predicho pero los jueces lo liberan en 48,5% de los casos, y su tasa de delito observada es 56,3%, lo que muestra dónde se concentran los errores humanos. Resuelven el problema de etiquetas selectivas con la asignación cuasi-aleatoria de jueces y una estrategia de contracción, y simulan políticas: −24,7% de delitos con igual encarcelamiento o −41,9% de encarcelamiento sin aumentar el delito.",Es el modelo canónico de cómo evaluar un predictor fuera de muestra y compararlo con decisores humanos cuando los resultados solo se observan para los tratados.,alta
3,"Fuster, Goldsmith-Pinkham, Ramadorai & Walther",2022,Predictably Unequal? The Effects of Machine Learning on Credit Markets,Journal of Finance,TopFinance,crédito/hogares,regresión logística; logit no lineal; random forest; XGBoost,AUC/ROC; calibración; otro: precisión y Brier score; comparación de familias de modelos; heterogeneidad/efectos distributivos; otro: distribución completa de probabilidades predichas por grupo racial/étnico y contrafactual de equilibrio (quién gana y quién pierde),10.1111/jofi.13090,https://doi.org/10.1111/jofi.13090,510,"Predice el impago de hipotecas de EE. UU. (datos HMDA enlazados con el desempeño de millones de préstamos originados en 2009–2013) con logit, logit no lineal, random forest y XGBoost. Evalúa fuera de muestra con AUC/ROC, precisión, Brier score y curvas de calibración por modelo. Interpreta comparando la distribución completa de probabilidades predichas entre grupos (blancos y asiáticos vs. negros e hispanos), mostrando que la tecnología más flexible dispersa más las predicciones de las minorías, e incrusta las predicciones en un modelo de equilibrio para calcular quién gana y quién pierde en acceso y tasas.",Es el ejemplo de referencia de que un mejor AUC no implica ganancias uniformes: hay que mirar toda la distribución de predicciones por grupo.,alta
3,"Bao, Ke, Li, Yu & Zhang",2020,Detecting Accounting Fraud in Publicly Traded U.S. Firms Using a Machine Learning Approach,Journal of Accounting Research,TopField,contabilidad/fraude,ensamble RUSBoost (boosting con submuestreo); regresión logística (benchmark de Dechow et al.); SVM (benchmark de Cecchini et al.),AUC/ROC; otro: NDCG@k (precisión en el tope del ranking de probabilidad de fraude); comparación de familias de modelos; otro: validación con ventanas temporales que respetan el rezago de detección del fraude,10.1111/1475-679x.12292,https://doi.org/10.1111/1475-679X.12292,491,"Predice fraudes contables (AAER de la SEC) en firmas de EE. UU. usando 28 rubros contables crudos con un ensamble RUSBoost, frente al logit de Dechow et al. sobre razones financieras y al SVM de Cecchini et al. Evalúa fuera de muestra con ventanas temporales rodantes (respetando el rezago con que se descubren los fraudes) usando AUC y NDCG@k, una métrica de ranking que mide cuántos fraudes reales aparecen entre las firmas con mayor probabilidad predicha. La interpretación se centra en la comparación entre modelos y en el valor de combinar teoría contable (elección de insumos) con métodos de ensamble.",Enseña a elegir métricas de evaluación acordes al uso (ranking de casos sospechosos) y a diseñar la validación temporal en eventos raros.,alta
3,"Aiken, Bellue, Karlan, Udry & Blumenstock",2022,Machine learning and phone data can improve targeting of humanitarian aid,Nature,GeneralScience,focalización/pobreza,gradient boosting (LightGBM) sobre rasgos de registros de llamadas; CNN sobre imágenes satelitales para riqueza de aldeas,errores de inclusión/exclusión; AUC/ROC; comparación con humanos/reglas existentes; variable importance; otro: bienestar social (utilidad CRRA) y equidad entre grupos; degradación temporal de la precisión,10.1038/s41586-022-04484-9,https://doi.org/10.1038/s41586-022-04484-9,190,"Entrenan con encuestas algoritmos de gradient boosting sobre miles de rasgos de registros de llamadas (y una CNN sobre imágenes satelitales) para predecir la pobreza de suscriptores móviles y priorizar las transferencias del programa Novissi en Togo durante la COVID-19. Evalúan fuera de muestra con AUC, precision/recall y errores de exclusión frente a contrafactuales de focalización (geográfica, por ocupación, PMT y un registro social hipotético): el enfoque de ML reduce los errores de exclusión 4–21% frente a la focalización geográfica, pero los aumenta 9–35% frente a un registro social completo. Reportan además la importancia de variables (Extended Data Table 3), el bienestar social bajo utilidad CRRA, medidas de equidad entre grupos y cuánto se degrada la precisión cuando el modelo se calibra con datos antiguos.","Muestra cómo comparar una regla de focalización basada en ML con las alternativas reales del gobierno usando errores de exclusión, bienestar y equidad, y no solo el AUC.",alta
3,"Einav, Finkelstein, Mullainathan & Obermeyer",2018,Predictive modeling of U.S. health care spending in late life,Science,GeneralScience,salud,"ensamble de random forest, gradient boosting y LASSO",AUC/ROC; calibración; error por colas/cuantiles; otro: gasto por bins de mortalidad predicha y descomposición de la concentración del gasto en fallecidos,10.1126/science.aar5045,https://doi.org/10.1126/science.aar5045,168,"Con reclamaciones de Medicare de una muestra aleatoria del 20% (5,6 millones de beneficiarios, un tercio reservado como muestra de prueba), predicen la mortalidad anual con un ensamble de random forest, gradient boosting y LASSO. Evalúan la discriminación (AUC) y la calibración de la mortalidad predicha frente a la observada por percentiles, y luego describen cómo se distribuye el gasto por bins de mortalidad predicha: menos del 5% del gasto corresponde a personas con mortalidad predicha superior al 50%, y descomponen qué parte de la concentración del gasto en fallecidos (30–50%) se explica simplemente por gastar más en los enfermos, mueran o no.",Ejemplo modelo de usar un predictor bien calibrado para reinterpretar un hecho económico (el gasto al final de la vida) en lugar de solo maximizar la precisión.,alta
3,"Dobbie, Liberman, Paravisini & Pathania",2021,Measuring Bias in Consumer Lending,The Review of Economic Studies,Top5,finanzas / crédito,"gradient boosting (árboles), al estilo de Kleinberg et al. 2018",comparación con humanos/expertos; predicho vs observado; ablación por grupos de variables; otro: validación cruzada 5-fold para el número de árboles; etiquetas selectivas resueltas con los examinadores más lenientes,10.1093/restud/rdaa078,https://doi.org/10.1093/restud/rdaa078,106,"Con datos administrativos de un prestamista de alto costo en el Reino Unido predicen el default de corto plazo y la rentabilidad de largo plazo de cada solicitante con un algoritmo de árboles con boosting (shrinkage 0,005, profundidad de interacción 4 y número de árboles elegido por validación cruzada de 5 pliegues) entrenado en una submuestra aleatoria de prestatarios, y usan la asignación cuasi-aleatoria de examinadores para identificar la rentabilidad de los solicitantes marginales. Grafican la rentabilidad observada frente a la predicha en la muestra de prueba, comparan la regla del algoritmo con y sin nacionalidad, género y edad, y muestran que una regla basada en las predicciones ML de rentabilidad de largo plazo aumenta beneficios y elimina el sesgo contra inmigrantes y mayores.",Aplica la lógica de Kleinberg et al. al crédito: predicción validada fuera de muestra como contrafactual de las decisiones humanas y como test de sesgo.,alta
3,"Martin Huber, David Imhof",2019,Machine learning with screens for detecting bid-rigging cartels,International Journal of Industrial Organization,TopField,organización industrial/colusión,LASSO; métodos de ensamble; screens estadísticos de la distribución de ofertas,otro: tasa de clasificación correcta fuera de muestra (cerca de 84%); otro: matriz de confusión y trade-off entre falsos positivos y falsos negativos al mover el umbral,10.1016/j.ijindorg.2019.04.002,https://doi.org/10.1016/j.ijindorg.2019.04.002,105,"Predicen si una licitación del sector de la construcción en Suiza fue colusiva o competitiva, combinando 'screens' estadísticos calculados a partir de la distribución de las ofertas con LASSO y métodos de ensamble. Evalúan el desempeño fuera de muestra: ambos métodos clasifican correctamente cerca del 84% de las licitaciones, con 14–17% de falsos negativos y 15–18% de falsos positivos según el método. La interpretación se concentra en el trade-off entre falsos positivos y negativos al mover el umbral de decisión (los falsos negativos crecen mucho más rápido al reducir los falsos positivos) y en sus implicaciones para las autoridades de competencia.",Aplicación de predicción con ML en organización industrial (detección de carteles) con una discusión cuidadosa de los errores de clasificación fuera de muestra.,alta
3,Björkegren & Grissen,2020,Behavior Revealed in Mobile Phone Usage Predicts Credit Repayment,The World Bank Economic Review,TopField,crédito/inclusión financiera,random forest; logit con selección stepwise (BIC); indicadores de comportamiento construidos a partir de registros de llamadas,AUC/ROC; comparación con humanos/reglas existentes; variable importance; error por colas/cuantiles; otro: validación fuera de tiempo; comparación de scores con el repago observado,10.1093/wber/lhz006,https://doi.org/10.1093/wber/lhz006,96,"Predicen el incumplimiento de créditos otorgados por una telefónica sudamericana a partir de indicadores de comportamiento construidos con registros de llamadas, usando random forests y logit con selección stepwise, y los comparan con modelos basados en el buró de crédito. Evalúan fuera de muestra con validación cruzada y con una prueba fuera de tiempo (entrenar en un período y probar en otro), reportando AUC (0,61–0,76 frente a 0,51–0,57 del buró; 0,63–0,77 para no bancarizados), curvas ROC, gráficos de importancia de variables del random forest, comparación de scores con el repago observado y riesgo por quintiles: el quintil más riesgoso incumple 2,8 veces más que el menos riesgoso.","Combina validación fuera de tiempo, comparación con la regla vigente (buró de crédito) y análisis por quintiles de riesgo en un problema de predicción de política financiera.",alta
3,Jens Ludwig; Sendhil Mullainathan,2021,Fragile Algorithms and Fallible Decision-Makers: Lessons from the Justice System,Journal of Economic Perspectives,Survey,guía para economistas,algoritmos de predicción de riesgo,evaluación de algoritmos vs. decisores humanos; selective labels; omitted payoff bias,10.1257/jep.35.4.71,https://doi.org/10.1257/jep.35.4.71,69,"Analiza por qué los algoritmos de predicción usados en decisiones judiciales son 'frágiles' (fallan por variables omitidas del pago, etiquetas selectivas y cambios de distribución) y por qué los jueces también son falibles, y propone cómo evaluar un algoritmo frente al decisor humano. Para el curso es la guía de los problemas de evaluación que no captura una métrica de validación cruzada: sesgo de selección en las etiquetas y desalineación entre lo que se predice y lo que importa.",Lectura para la sesión de evaluación: límites de las métricas estándar cuando el modelo se despliega en decisiones reales.,alta
3,"Bhatt, Heller, Kapustin, Bertrand & Blattman",2024,Predicting and Preventing Gun Violence: An Experimental Evaluation of READI Chicago,The Quarterly Journal of Economics,Top5,crimen / violencia,gradient boosting (árboles),predicho vs observado; calibración; comparación con humanos/expertos; otro: comparación de vías de referencia (algoritmo vs trabajadores de calle vs sistema judicial) a igual nivel de riesgo predicho,10.1093/qje/qjad031,https://doi.org/10.1093/qje/qjad031,55,"Un algoritmo de gradient boosted trees entrenado con registros administrativos de arrestos y victimización predice la involucración en violencia con armas (como víctima o arrestado) en los siguientes 18 meses y sirve para reclutar hombres de alto riesgo en el RCT de READI Chicago; los modelos se reentrenaron 10 veces durante el período de referencia. Comparan el riesgo predicho con el realizado (11,4% predicho frente a cerca de 16% observado) y contrastan a los referidos por el algoritmo con los referidos por trabajadores de calle: a casi todos los niveles de riesgo predicho, los referidos por humanos terminaron más involucrados en violencia, señal de información relevante no observada por el algoritmo.",Ejemplo de focalización con ML dentro de un experimento y de cómo comparar la predicción algorítmica con el juicio de expertos de campo.,alta
3,"Vrontos, Galakis & Vrontos",2021,Modeling and predicting U.S. recessions using machine learning techniques,International Journal of Forecasting,TopField,recesiones,"logit/probit penalizados (ridge, LASSO, elastic net); k-NN; GLM bayesiano; análisis discriminante; árboles, bagging, random forest y boosting",AUC/ROC; error por horizonte/régimen; comparación de familias de modelos; otro: batería de métricas de clasificación,10.1016/j.ijforecast.2020.08.005,https://doi.org/10.1016/j.ijforecast.2020.08.005,54,"Estima probabilidades de recesión (NBER) en EE.UU. a horizontes de corto, medio y largo plazo con un amplio conjunto de indicadores macrofinancieros habituales más un grupo de predictores poco estudiados. Compara logit/probit tradicionales con regularizados, k-NN, GLM bayesianos, discriminantes y ensambles de árboles, evaluando fuera de muestra con numerosas métricas de clasificación por horizonte; los logit penalizados, k-NN y GLM bayesianos superan ampliamente a los modelos tradicionales.",Horse race amplio de clasificadores para recesiones con evaluación multimétrica por horizonte.,media
3,Smythe & Blumenstock,2022,Geographic microtargeting of social assistance with high-resolution poverty maps,Proceedings of the National Academy of Sciences,GeneralScience,focalización/pobreza,mapas de pobreza generados por ML (gradient boosting/CNN sobre imágenes satelitales y datos geoespaciales),errores de inclusión/exclusión; AUC/ROC; comparación con humanos/reglas existentes; otro: equidad por género y religión; sensibilidad al tamaño del programa y al umbral de pobreza,10.1073/pnas.2120025119,https://doi.org/10.1073/pnas.2120025119,50,"Evalúan, con varias encuestas independientes de Nigeria, si los mapas de pobreza de alta resolución generados por ML mejoran la focalización geográfica de transferencias frente a la focalización basada en encuestas representativas recientes. Miden errores de inclusión y exclusión, precision/recall y AUC para programas dirigidos a pobres y pobres extremos y de distintos tamaños (en un escenario reducen la exclusión 1,4% y la inclusión 61,7%, con cerca de un millón de pobres adicionales cubiertos) y verifican que la focalización con ML no aumenta las disparidades por género o religión; el gobierno de Nigeria usó el enfoque para transferencias de emergencia por la COVID-19.","Traduce la calidad predictiva de un mapa de pobreza en errores de focalización y equidad, comparándolo con la regla geográfica vigente.",alta
3,McBride & Nichols,2018,Retooling Poverty Targeting Using Out-of-Sample Validation and Machine Learning,The World Bank Economic Review,TopField,focalización/pobreza,regression forests (random forest); quantile regression forests; regresión stepwise/cuantílica seleccionada por validación cruzada,errores de inclusión/exclusión; accuracy fuera de muestra; comparación con humanos/reglas existentes; otro: criterio BPAC (balanced poverty accuracy) y exactitud de pobreza,10.1093/wber/lhw056,https://doi.org/10.1093/wber/lhw056,49,"Predicen el estatus de pobreza de hogares con los datos de las Poverty Assessment Tools de USAID para varios países, comparando la regresión stepwise seleccionada en muestra (la práctica habitual en los PMT) con métodos que minimizan el error fuera de muestra: validación cruzada k-fold y ensambles estocásticos (regression forests y quantile regression forests). El desempeño se evalúa exclusivamente fuera de muestra con la matriz de confusión: exactitud total, exactitud de pobreza, subcobertura (exclusión), filtración (inclusión) y el criterio BPAC. Documentan mejoras de 2 a 18 puntos en la exactitud de focalización según el país.",Es el artículo canónico que replantea el diseño de un PMT como un problema de predicción fuera de muestra y fija las métricas de inclusión/exclusión que usa la literatura posterior.,alta
3,"Aiken, Bedoya, Blumenstock & Coville",2023,Program targeting with machine learning and mobile phone data: Evidence from an anti-poverty intervention in Afghanistan,Journal of Development Economics,TopField,focalización/pobreza,gradient boosting; random forest; logit con penalización L1; LASSO y regresión lineal (medidas continuas),AUC/ROC; errores de inclusión/exclusión; comparación con humanos/reglas existentes; variable importance; otro: precision/recall con intervalos bootstrap; combinación de fuentes de datos,10.1016/j.jdeveco.2022.103016,https://doi.org/10.1016/j.jdeveco.2022.103016,41,"Con encuestas del programa Targeting the Ultra Poor en Afganistán enlazadas a registros de llamadas, predicen la condición de ultra-pobre con gradient boosting (comparado con logit, logit L1 y random forest, y con modelos lineales/LASSO para consumo). Evalúan con validación cruzada de 5 pliegues, precision, recall y AUC con intervalos bootstrap, y comparan los errores de inclusión y exclusión del método telefónico con los índices de activos y consumo, usando la focalización híbrida del programa (comunitaria más verificación) como referencia. Reportan las cinco variables más importantes de cada modelo y muestran que combinar encuesta y datos móviles supera a cualquier fuente por separado.",Ejemplo limpio de cómo contrastar un clasificador de ML con reglas de focalización existentes (PMT/comunitaria) mediante errores de inclusión/exclusión y curvas ROC.,alta
3,"Jansen, Nguyen & Shams",2025,Rise of the Machines: The Impact of Automated Underwriting,Management Science,TopField,crédito (préstamos de auto),algoritmo de suscripción automatizada del prestamista (modelo propietario); comparación con suscriptores humanos,comparación con humanos/expertos; heterogeneidad/efectos distributivos; otro: experimento aleatorizado evaluado con resultados realizados (impago y beneficio del préstamo),10.1287/mnsc.2024.4986,https://doi.org/10.1287/mnsc.2024.4986,41,"Usa un experimento aleatorizado en un prestamista de crédito automotriz que asignó solicitudes a suscripción algorítmica o humana, y compara los resultados realizados de los préstamos: el algoritmo genera 10,2 % más beneficio y 6,8 % menos impago. El desempeño se evalúa por dimensiones de riesgo y complejidad del préstamo y en umbrales con mayor potencial de conflicto de agencia. La interpretación es distributiva: humanos y máquina rinden igual en préstamos simples y de bajo riesgo, pero la ventaja de la máquina crece en préstamos riesgosos y complejos.","Muestra que la validación más convincente de un predictor es un experimento con resultados reales, y que la comparación humano-máquina debe hacerse por segmentos.",media
3,"Di Maggio, Ratnadiwakara & Carmichael",2026,Invisible Primes: Fintech Lending with Alternative Data,Management Science,TopField,fintech / crédito,algoritmo de suscripción de la fintech con datos alternativos; regresión logística (modelo tradicional con ~1.400 variables del reporte crediticio y modelo básico); random forest (eliminación recursiva de variables),AUC/ROC; ablación por grupos de variables; heterogeneidad/efectos distributivos; otro: descomposición de la ganancia predictiva en datos alternativos vs. sofisticación del modelo; otro: identificación de quién se beneficia ('invisible primes'),10.1287/mnsc.2024.07854,https://doi.org/10.1287/mnsc.2024.07854,39,"Compara, con datos de una gran plataforma fintech de EE. UU. (Upstart), el modelo de suscripción con datos alternativos (educación, empleo) frente a un modelo tradicional tipo logit con unas 1.400 variables del reporte crediticio y a un modelo básico. Evalúa la capacidad de predecir el impago con AUC (cerca de 10 % mayor con datos alternativos) y descompone la ganancia en 'más datos' vs. 'modelo más flexible' añadiendo las variables alternativas al modelo tradicional. Interpreta con importancia de variables vía eliminación recursiva con random forest y con heterogeneidad: los beneficios se concentran en solicitantes con archivos crediticios delgados y puntajes bajos pero bajo riesgo real, cuyo acceso al crédito mejora sus resultados posteriores.","Enseña a separar el aporte de nuevos datos del aporte del algoritmo, y a identificar quién se beneficia de la mejora predictiva.",alta
3,Rambachan,2024,Identifying Prediction Mistakes in Observational Data,The Quarterly Journal of Economics,Top5,justicia penal / metodología,elastic net; random forest (promedio de ambos),comparación con humanos/expertos; otro: test de errores sistemáticos de predicción de decisores (identificación parcial) usando predicción fuera de muestra para reducir la dimensión de las características,10.1093/qje/qjae013,https://doi.org/10.1093/qje/qjae013,33,"Caracteriza cuándo pueden identificarse errores sistemáticos de predicción de un decisor (jueces, médicos, gerentes) con datos observacionales, y aplica el marco a las decisiones de libertad previa al juicio de los jueces de Nueva York, contrastándolas con una regla de decisión basada en ML. Para construir la partición de características usa predicción supervisada fuera de muestra (promedio de un elastic net y un random forest) y luego evalúa qué jueces cometen errores detectables respecto a la regla algorítmica.","Conecta la predicción fuera de muestra con la identificación econométrica de errores humanos, más allá de comparar AUCs.",alta
3,"Hoffman, Kahn & Li",2018,Discretion in Hiring,The Quarterly Journal of Economics,Top5,laboral,puntaje algorítmico de un test de contratación (proveedor externo),comparación con humanos/expertos; otro: desempeño (permanencia) de los contratados cuando los gerentes anulan la recomendación del algoritmo,10.1093/qje/qjx042,https://doi.org/10.1093/qje/qjx042,6,"Estudian la introducción de un test de contratación que produce un puntaje algorítmico para ordenar candidatos en 15 empresas de servicios de baja calificación, y comparan la permanencia en el empleo de los contratados según se siga o se anule la recomendación del test. Los gerentes que más contratan contra la recomendación obtienen trabajadores con peor permanencia promedio, lo que se interpreta como sesgo o error de juicio y no como información privada superior.",Ilustra el diseño para contrastar una predicción algorítmica con la discreción humana usando resultados laborales observados.,alta
3,Verme,2025,Predicting Poverty,The World Bank Economic Review,TopField,focalización/pobreza,OLS y logit/probit (econométricos clásicos); random forest y otros métodos de árboles; elastic net; redes neuronales,errores de inclusión/exclusión; accuracy fuera de muestra; otro: escenarios de ingresos faltantes y líneas de pobreza alternativas; error en la tasa de pobreza predicha frente a la verdadera,10.1093/wber/lhae044,https://doi.org/10.1093/wber/lhae044,4,"Toma datos completos de ingresos, los corrompe artificialmente con distintos patrones y proporciones de ingresos faltantes y compara modelos econométricos clásicos (OLS, logit/probit) con modelos de ML (árboles y random forest, elastic net, redes neuronales) para predecir la pobreza y recuperar la tasa de pobreza contrafactual verdadera. Evalúa con la matriz de confusión (errores de inclusión/filtración y exclusión/subcobertura, exactitud, precisión y recall) bajo varias líneas de pobreza y funciones objetivo, y concluye que random forest es más consistente y preciso en la mayoría, pero no en todos, los escenarios.",Es un banco de pruebas controlado para discutir qué métrica de error optimizar al predecir pobreza y cuándo los métodos de ML dominan a los clásicos.,alta
3,"Heller, Jakubowski, Jelveh & Kapustin",2026,Machine Learning Can Predict Shooting Victimization Well Enough to Help Prevent It,The Review of Economics and Statistics,TopField,crimen,gradient boosting machine (Friedman); OLS y modelos simples con pocas variables (comparación),calibración; error por colas/cuantiles; comparación con humanos/reglas existentes; ablación por grupos de variables; otro: precision y recall en el top-k; composición racial de víctimas predichas vs. reales; cálculo costo-beneficio,10.1162/rest_a_01519,https://doi.org/10.1162/rest_a_01519,2,"Con 20 años de registros de arrestos y victimización de la Policía de Chicago para 643.975 personas, entrenan una gradient boosting machine para predecir quién será víctima de disparos en los 18 meses siguientes, entrenando y probando en períodos distintos. Evitan la exactitud y el AUC por la rareza del evento y reportan precision y recall en la cola superior (entre las 500 personas de mayor riesgo predicho, 17% son baleadas, 106 veces la tasa promedio), gráficos de calibración globales y por raza/etnia, comparación con modelos más simples (OLS y modelos con pocas variables), desempeño por conjuntos de rasgos (sin arrestos propios, solo red de coarrestados, solo demografía) y un cálculo costo-beneficio que justifica gastar hasta 190.900 dólares por persona en una intervención que reduzca el riesgo a la mitad.","Ejemplo de referencia sobre cómo evaluar predicciones en la cola del riesgo, verificar la calibración por grupos y discutir los sesgos de los datos policiales.",alta
3,Mullainathan & Obermeyer,2022,Diagnosing Physician Error: A Machine Learning Approach to Low-Value Health Care,The Quarterly Journal of Economics,Top5,salud,gradient boosting; LASSO; ensamble,calibración; predicho vs observado; error por colas/cuantiles; comparación con humanos/expertos; ablación por grupos de variables; otro: modelo simple (49 variables) que explica la decisión médica vs modelo complejo (224 variables) que predice el riesgo,10.1093/qje/qjab046,https://doi.org/10.1093/qje/qjab046,2,"Predicen el resultado de la prueba de infarto (bloqueo coronario) entre pacientes testeados en urgencias de un gran hospital (246 mil visitas, 2010–2015) con un ensamble de gradient boosted trees y LASSO sobre 16.405 características; entrenan en el 75% de los pacientes y muestran todos los resultados en el 25% de retención, replicando luego en 4,4 millones de visitas de Medicare. Ordenan a los pacientes en deciles de riesgo predicho y comparan con el rendimiento realizado de la prueba: hay sobre-testeo en bajo riesgo (62% de las pruebas de menor valor no son costo-efectivas) y sub-testeo en alto riesgo (15,6% de eventos adversos a 30 días en el decil superior no testeado). Además comparan el modelo que mejor predice el riesgo con el que mejor predice la decisión del médico y muestran que los médicos sobreponderan síntomas representativos como el dolor de pecho.","Enseña a usar deciles de riesgo predicho, calibración y muestras de retención para diagnosticar errores sistemáticos de expertos.",alta
3,"Angelova, Dobbie & Yang",2026,Algorithmic Recommendations and Human Discretion,The Review of Economic Studies,Top5,justicia penal,"algoritmo de evaluación de riesgo previo al juicio (recomendación); gradient boosting (árboles), replicando a Kleinberg et al. 2018",comparación con humanos/expertos; otro: precisión y equidad de las anulaciones (overrides) de cada juez con resultados observados selectivamente; otro: poder predictivo fuera de muestra de la medida de desempeño de cada juez (primera vs segunda mitad de sus casos),10.1093/restud/rdaf084,https://doi.org/10.1093/restud/rdaf084,1,"Estudian las decisiones de fianza en que los jueces anulan la recomendación de un algoritmo de riesgo previo al juicio, y desarrollan herramientas cuasi-experimentales (asignación de jueces) para medir si la discreción humana mejora o empeora la precisión cuando el resultado solo se observa para los liberados. Encuentran que el 90% de los jueces empeora respecto al algoritmo al anularlo y el 10% lo supera en precisión y equidad; validan el poder predictivo fuera de muestra de su medida de desempeño (primera vs segunda mitad de los casos de cada juez) y comparan además con un gradient boosted tree construido como en Kleinberg et al. (2018) con validación cruzada de 5 pliegues. Publicado en línea en 2025 (vol. 93, 2026).","Muestra cómo evaluar la interacción humano-algoritmo caso por caso y no solo el promedio, con atención al problema de etiquetas selectivas.",alta
3,"Björkegren, Blumenstock & Knight",2026,Manipulation-Robust Prediction,American Economic Review,Top5,desarrollo / scoring,reglas de decisión lineales robustas a manipulación; LASSO (benchmark),accuracy fuera de muestra; otro: validación en un experimento de campo en Kenia con incentivos a manipular las variables de entrada,10.1257/aer.20241087,https://doi.org/10.1257/aer.20241087,,"Propone un método empírico para ajustar algoritmos de decisión anticipando que los individuos alteran estratégicamente su comportamiento cuando conocen la regla; al modelar explícitamente los incentivos a manipular obtiene reglas estables incluso cuando son totalmente transparentes. Las reglas se ponen a prueba en un experimento de campo a gran escala en Kenia (basado en comportamiento de uso de teléfono móvil, según la versión de trabajo del artículo): las reglas lineales robustas superan a modelos lineales estándar como LASSO cuando los participantes tienen incentivos a manipular.","Advierte que la exactitud fuera de muestra puede colapsar cuando la gente responde al algoritmo, y muestra cómo evaluarlo experimentalmente.",alta
4,Francis X. Diebold; Roberto S. Mariano,1995,Comparing Predictive Accuracy,Journal of Business & Economic Statistics,Methods,evaluación/validación,,comparación de pronósticos; prueba Diebold-Mariano,10.1080/07350015.1995.10524599,https://doi.org/10.1080/07350015.1995.10524599,5016,"Propone una prueba estadística para comparar la precisión de dos pronósticos con cualquier función de pérdida, robusta a errores no gaussianos, sesgados y autocorrelacionados. En economía aplicada es el estándar para responder si un modelo de ML pronostica significativamente mejor que un ARIMA o una regresión, en lugar de comparar solo el RMSE puntual.",Referencia para la sesión de evaluación de pronósticos: inferencia sobre diferencias de error fuera de muestra.,alta
4,David R. Roberts; Volker Bahn; Simone Ciuti; Mark S. Boyce; Jose Elith; Gurutzeta Guillera-Arroita; Severin Hauenstein; José J. Lahoz-Monfort; Boris Schröder; Wilfried Thuiller; David I. Warton; Brendan A. Wintle; Florian Hartig; Carsten F. Dormann,2017,"Cross-validation strategies for data with temporal, spatial, hierarchical, or phylogenetic structure",Ecography,Methods,evaluación/validación,agnóstico al modelo,validación cruzada espacial/temporal; block cross-validation,10.1111/ecog.02881,https://doi.org/10.1111/ecog.02881,3000,"Muestra que la validación cruzada aleatoria sobreestima el desempeño cuando los datos tienen dependencia espacial, temporal o jerárquica, y propone la validación por bloques (espaciales, temporales o por grupo) para estimar el error de predicción en unidades no vistas. Bergmeir & Benítez (2012, Information Sciences, 'On the use of cross-validation for time series predictor evaluation') hacen el análisis análogo para series de tiempo (validación por bloques y con origen móvil). Es la referencia para diseñar la validación con datos georreferenciados y de panel, típicos de la economía aplicada.","Lectura base para la sesión de validación: cómo partir los datos cuando hay estructura espacial, temporal o de grupos.",alta
4,"Chi, Fang, Chatterjee & Blumenstock",2022,Microestimates of wealth for all low- and middle-income countries,Proceedings of the National Academy of Sciences,GeneralScience,pobreza/satélites,"gradient-boosted regression trees sobre 112 rasgos (satélites, redes móviles, topografía, conectividad de Facebook)","R2 fuera de muestra; variable importance; predicho vs observado; otro: validación cruzada k-fold, espacial y dejando un país fuera; intervalos de confianza y modelo del error de predicción; simulaciones de focalización del 25% y 50% más pobre",10.1073/pnas.2113658119,https://doi.org/10.1073/pnas.2113658119,252,"Construyen microestimaciones de riqueza relativa para 135 países a 2,4 km con un árbol de regresión con gradient boosting entrenado con encuestas DHS de 56 países. Evalúan el R² fuera de muestra con tres esquemas de validación cruzada (k-fold, dejar-un-país-fuera y validación espacial) y validan contra cuatro fuentes independientes: explican 76% de la variación de riqueza por celda en Togo y 50% en Nigeria, y obtienen R²=0,72 frente a datos censales de 979 unidades admin-2. Reportan dos indicadores de importancia de variables, intervalos de confianza por celda, un modelo del error de predicción (mayor lejos de la cobertura DHS) y simulaciones de focalización del 25% y 50% más pobre.","Muestra la diferencia entre validación cruzada aleatoria, espacial y por país, y cómo cuantificar la incertidumbre y el error de un mapa de pobreza.",alta
4,"Goulet Coulombe, Leroux, Stevanovic & Surprenant",2022,How Is Machine Learning Useful for Macroeconomic Forecasting?,Journal of Applied Econometrics,TopField,macro (varias variables),random forest; boosted trees; kernel ridge regression; SVR; redes neuronales; LASSO/ridge/elastic net; modelos de factores (ARDI),"otro: diseño de 'tratamientos' que atribuye las ganancias del ML a no linealidad, regularización, validación cruzada y función de pérdida; error por horizonte/régimen; comparación de familias de modelos; otro: pruebas Diebold-Mariano y model confidence sets",10.1002/jae.2910,https://doi.org/10.1002/jae.2910,236,"Pronostica cinco variables macro de EE.UU. a cinco horizontes con FRED-MD en un ejercicio pseudo fuera de muestra, comparando RMSE contra AR y ARDI con pruebas Diebold-Mariano y model confidence sets. En lugar de preguntar qué algoritmo gana, aísla cuatro rasgos del ML (no linealidad, regularización, validación cruzada y función de pérdida) como 'tratamientos' y regresa las diferencias de error de pronóstico sobre ellos. Concluye que la no linealidad es el factor decisivo y que sus ganancias se concentran en períodos de alta incertidumbre macro, estrés financiero y colapsos inmobiliarios, lo que muestra interactuando los errores con índices de incertidumbre y condiciones financieras.","Enseña a atribuir las ganancias predictivas del ML a sus componentes y a regímenes económicos, no solo a comparar algoritmos.",alta
4,"Beutel, List & von Schweinitz",2019,Does machine learning help us predict banking crises?,Journal of Financial Stability,TopField,crisis bancarias,logit; k-NN; árboles de decisión; random forest; SVM; redes neuronales,"AUC/ROC; otro: usefulness relativa, F-measure y Brier score; otro: contraste entre ajuste en muestra y evaluación recursiva fuera de muestra (2005Q3–2016Q4); ablación por grupos de variables; comparación de familias de modelos; otro: robustez a definiciones de crisis, parámetro de preferencia y longitud de muestra",10.1016/j.jfs.2019.100693,https://doi.org/10.1016/j.jfs.2019.100693,140,"Compara el logit con cinco métodos de ML para predecir crisis bancarias sistémicas en economías avanzadas durante 45 años, usando cuatro conjuntos de variables. La validación cruzada se reserva para hiperparámetros y la evaluación es una predicción recursiva trimestre a trimestre, con usefulness relativa, AUC, F-measure y Brier: los métodos de ML alcanzan ajustes casi perfectos en muestra pero el logit los supera fuera de muestra, resultado robusto a métricas, definiciones de crisis y transformaciones de datos. Identifica como predictores clave la expansión del crédito, los booms de precios de activos y los desequilibrios externos.",Advertencia empírica: el sobreajuste del ML en muestra no se traduce en desempeño recursivo fuera de muestra.,alta
4,"Richardson, van Florenstein Mulder & Vehbi",2021,Nowcasting GDP using machine-learning algorithms: A real-time assessment,International Journal of Forecasting,TopField,nowcasting PIB,LASSO; ridge; elastic net; SVR; boosted trees; random forest; redes neuronales,comparación de familias de modelos; error por horizonte/régimen; otro: comparación con un modelo de factores dinámico y con los pronósticos oficiales del banco central (RBNZ),10.1016/j.ijforecast.2020.10.005,https://doi.org/10.1016/j.ijforecast.2020.10.005,123,"Hace nowcasting del crecimiento trimestral del PIB de Nueva Zelanda en un entorno completamente en tiempo real: usa vintages históricos del PIB y de unos 600 predictores tal como estaban disponibles en cada fecha. Compara el RMSE de varios algoritmos (regresiones penalizadas, SVR, árboles potenciados, random forest y redes neuronales) frente a un AR, un modelo de factores dinámico y los pronósticos oficiales del RBNZ, según el momento del trimestre en que se produce el nowcast; los algoritmos de ML mejoran significativamente los benchmarks y en un caso superan al pronóstico oficial.",Ejercicio de nowcasting en tiempo real que enfrenta familias de ML con el modelo de factores y el juicio del banco central.,media
4,"Barbaglia, Consoli & Manzan",2023,Forecasting with Economic News,Journal of Business & Economic Statistics,TopField,macro con texto/noticias,NLP: sentimiento basado en aspectos con dependency parsing y diccionario propio; post-double LASSO; regresión cuantílica penalizada (LASSO),"error por colas/cuantiles; error por horizonte/régimen; ablación por grupos de variables; otro: significancia de los indicadores de sentimiento por tema (economía, desempleo, inflación, política monetaria, sector financiero, manufactura) y horizonte",10.1080/07350015.2022.2060988,https://doi.org/10.1080/07350015.2022.2060988,102,"Construye indicadores diarios de sentimiento económico a partir de 6,6 millones de artículos de seis diarios de EE.UU., extrayendo solo el texto sintácticamente ligado a un término de interés y puntuándolo con un diccionario fino. Los usa para pronosticar cuatro variables macro clave de EE.UU. desde el backcast hasta un año, controlando por factores macro, con selección post-double LASSO y evaluación fuera de muestra. Interpreta qué temas de sentimiento importan en cada horizonte, documenta su comportamiento en recesiones y extiende el modelo a regresiones cuantílicas para mostrar que el sentimiento predice sobre todo las colas de la distribución.","Combina ML de texto con evaluación en colas (cuantiles), útil para mostrar dónde ayudan las variables blandas.",alta
4,"Kalamara, Turrell, Redl, Kapetanios & Kapadia",2022,Making text count: Economic forecasting using newspaper text,Journal of Applied Econometrics,TopField,macro con texto/noticias,LASSO; ridge; elastic net; SVR; random forest; redes neuronales; diccionarios y conteos de términos (feature engineering),error por horizonte/régimen; comparación de familias de modelos; ablación por grupos de variables; otro: sentimiento textual versus incertidumbre textual como fuentes de señal,10.1002/jae.2907,https://doi.org/10.1002/jae.2907,100,"Pronostica PIB, inflación y desempleo del Reino Unido usando el texto de tres periódicos, comparando métodos para convertir texto en series (diccionarios, conteos, tf-idf, booleanos) y algoritmos supervisados lineales y no lineales estimados con ventanas móviles de 36 meses. Evalúa el RMSE fuera de muestra frente a benchmarks con datos macro y muestra que la combinación de conteos de términos con ML supervisado (especialmente redes neuronales) da las mayores mejoras. Las ganancias se concentran en períodos de estrés (crisis de 2008, Brexit), y separa el aporte del sentimiento frente al de la incertidumbre textual.",Muestra que las ganancias del ML con texto se concentran en períodos de estrés y compara familias de modelos y de features.,alta
4,"Ellingsen, Larsen & Thorsrud",2022,News media versus FRED-MD for macroeconomic forecasting,Journal of Applied Econometrics,TopField,nowcasting PIB/consumo con noticias,LDA (topic model); LASSO; random forest; PCA; MIDAS,ablación por grupos de variables; error por horizonte/régimen; comparación de familias de modelos,10.1002/jae.2859,https://doi.org/10.1002/jae.2859,57,"Compara en tiempo real el contenido informativo de 22,5 millones de noticias del Dow Jones Newswires (resumidas en tópicos LDA) frente al panel FRED-MD (vintages de ALFRED) para pronosticar el crecimiento del PIB, el consumo y la inversión de EE.UU. Usa MIDAS para el desfase de frecuencias y LASSO, PCA y random forest como predictores, evaluando el RMSE fuera de muestra en cada mes del trimestre. Encuentra que las noticias contienen información no capturada por los datos duros, sobre todo para el consumo, y que el random forest domina a LASSO y PCA.","Comparación en tiempo real de datos blandos (noticias) versus duros con ML, útil para discutir valor informativo por horizonte.",alta
4,"Fouliard, Howell, Rey & Stavrakeva",2020,Answering the Queen: Machine Learning and Financial Crises,NBER Working Paper No. 28302 (revisado en octubre de 2023; también CEPR DP 15618 y BIS WP 926),WorkingPaper,crisis financieras,online learning / agregación secuencial de expertos (promedios exponencialmente ponderados y reglas afines); logits de panel y elastic-net por temas; Bayesian model averaging; GAM; random forest; SVM,combinación de pronósticos; AUC/ROC; otro: pesos de los expertos a lo largo del tiempo y por país; otro: identificación de qué modelos 'encienden la alarma' antes de 2008; predicho vs observado,10.3386/w28302,https://www.nber.org/papers/w28302,46,"Predice períodos previos a crisis financieras sistémicas doce trimestres antes, fuera de muestra, para Francia, Alemania, Italia, España, Suecia, Reino Unido y EE.UU. (1985q1–2019q3), agregando secuencialmente las predicciones de muchos 'expertos' (logits de panel, logits elastic-net por bloques temáticos como crédito, vivienda o sector externo, BMA, GAM, random forest, SVM) con reglas de online learning cuyo desempeño converge al de la mejor combinación ex post. Evalúa con RMSE, AUROC y pérdidas acumuladas frente a cada experto y a la media uniforme, con pruebas placebo. La interpretación proviene de los pesos variables en el tiempo que reciben los expertos en cada país, que revelan qué mecanismos (crédito, vivienda, valoración) señalaban la crisis de 2008.",Enseña la combinación de pronósticos con pesos interpretables como vía para explicar predicciones de crisis.,alta
4,"Juergen Deppner, Marcelo Cajias",2024,Accounting for Spatial Autocorrelation in Algorithm-Driven Hedonic Models: A Spatial Cross-Validation Approach,The Journal of Real Estate Finance and Economics,TopField,vivienda/alquileres,árboles de regresión; random forest; gradient tree boosting; XGBoost; OLS y modelo espacial de Durbin (benchmarks),"validación cruzada espacial; comparación ML vs hedónico/OLS; otro: I de Moran (y z-scores) de los residuos dentro y fuera de muestra para diagnosticar sobreajuste espacial; otro: comparación de estrategias de remuestreo (holdout, resustitución, k-fold aleatorio vs espacial) en R², MAE, MAPE, MPE, RMSE, PE10, IQR y COD",10.1007/s11146-022-09915-y,https://doi.org/10.1007/s11146-022-09915-y,33,"Con 9,256 anuncios de alquiler de apartamentos en Fráncfort (enero 2019–marzo 2020) entrenan árboles de regresión, random forest, gradient boosting y XGBoost, y los comparan con OLS y un modelo espacial de Durbin. El desempeño se evalúa bajo distintas estrategias de remuestreo (holdout, resustitución, validación cruzada aleatoria y validación cruzada espacial por bloques, incluida la separación entre ajuste de hiperparámetros y evaluación) usando R², MAE, MAPE, MPE, RMSE, PE10, IQR y COD, mostrando que la validación no espacial produce estimaciones demasiado optimistas de la capacidad predictiva. Interpretan el sobreajuste con el I de Moran de los residuos dentro y fuera de muestra, vinculándolo a la explotación de la dependencia espacial por los árboles.",Es la referencia más directa sobre validación cruzada espacial en hedónicos con ML: explica por qué el k-fold aleatorio es demasiado optimista con datos inmobiliarios.,alta
4,"Bianchi, Ludvigson & Ma",2022,Belief Distortions and Macroeconomic Fluctuations,American Economic Review,Top5,expectativas,LASSO; elastic net; elastic net dinámico (LASSO + ridge) sobre factores y cientos de series en tiempo real; factores dinámicos; random forest (comparación); random forest y regresión bayesiana como comparación; ridge,R2 fuera de muestra; comparación con humanos/expertos; error por horizonte/régimen; otro: distorsión de creencias = pronóstico de encuesta menos pronóstico de la máquina; otro: etiquetado económico de los factores por R2 marginal; otro: grado de dispersión (sparsity) y shrinkage estimados a lo largo del tiempo; otro: pronósticos genuinamente fuera de muestra con ventanas móviles en tiempo real; MSE de la máquina vs todos los percentiles de las encuestas; predicho vs observado,10.1257/aer.20201713,https://doi.org/10.1257/aer.20201713,1,"Construyen un algoritmo dinámico de ML (elastic net estimado en ventanas móviles sobre factores extraídos de un gran conjunto de datos macro y financieros disponibles en tiempo real) que produce pronósticos genuinamente fuera de muestra de inflación, crecimiento del PIB y otras variables desde 1994, y definen las distorsiones de creencias como la diferencia entre los pronósticos de encuestas (SPF, Michigan, Blue Chip) y el pronóstico de la máquina. Evalúan el error cuadrático fuera de muestra de la máquina frente a todos los percentiles de la distribución de pronosticadores (la máquina gana) y reportan R2 en tiempo real; en muestras de retención comparan elastic net con LASSO, ridge, random forest y regresión bayesiana, siendo elastic net el mejor.",Usa pronósticos de ML fuera de muestra como benchmark de información eficiente para medir sesgos en expectativas.,alta
5,"Blumenstock, Cadamuro & On",2015,Predicting poverty and wealth from mobile phone metadata,Science,GeneralScience,pobreza/big data,elastic net (regresión regularizada) seleccionada por validación cruzada sobre miles de rasgos de uso del teléfono,R2 fuera de muestra; predicho vs observado; otro: validación externa agregando las predicciones por distrito frente a la encuesta DHS,10.1126/science.aac4420,https://doi.org/10.1126/science.aac4420,713,"Usan los registros de llamadas de 1,5 millones de suscriptores en Ruanda y una encuesta telefónica propia para predecir un índice de riqueza individual con regresión regularizada (elastic net) seleccionada por validación cruzada sobre miles de rasgos de uso del teléfono. La precisión se evalúa fuera de muestra con validación cruzada y, sobre todo, contrastando las predicciones agregadas por distrito con el índice de activos de la encuesta DHS (gráficos de predicho vs. observado con correlación muy alta) y reconstruyendo la distribución de riqueza de microrregiones de pocos hogares.",Es el artículo fundacional de la predicción de pobreza con datos de telefonía móvil y del uso de una fuente externa (DHS) para validar predicho vs. observado.,media
5,"Freyberger, Neuhierl & Weber",2020,Dissecting Characteristics Nonparametrically,Review of Financial Studies,TopFinance,asset pricing,adaptive group LASSO; modelo aditivo no paramétrico (splines),otro: selección de variables (qué características sobreviven); partial dependence; otro: Sharpe fuera de muestra; comparación de familias de modelos; otro: estabilidad temporal de la selección,10.1093/rfs/hhz123,https://doi.org/10.1093/rfs/hhz123,637,"Modela el retorno esperado de acciones de EE. UU. como suma de funciones no lineales de 62 características de firma y usa el adaptive group LASSO para seleccionar cuáles aportan información incremental. Evalúa fuera de muestra con ratios de Sharpe de portafolios basados en la predicción (50 % mayores que con regresiones lineales de panel). Interpreta mostrando qué características son seleccionadas (muchas anomalías conocidas no lo son), la forma no lineal de cada efecto mediante gráficos de funciones marginales, y cómo cambia la selección a lo largo del tiempo.",Es un puente entre la econometría y el ML: selección de variables con penalización más interpretación gráfica de efectos no lineales.,alta
5,"Kelly, Malamud & Zhou",2024,The Virtue of Complexity in Return Prediction,Journal of Finance,TopFinance,asset pricing (predicción del mercado),random features / ridge regression de alta dimensión; redes neuronales con capa aleatoria,R2 fuera de muestra; otro: Sharpe de estrategias de timing; otro: desempeño como función de la complejidad (número de parámetros) y de la contracción; comparación de familias de modelos,10.1111/jofi.13298,https://doi.org/10.1111/jofi.13298,220,"Predice el retorno mensual del mercado accionario de EE. UU. con unos pocos predictores macro-financieros transformados en miles de 'random features', estimando regresiones ridge en las que el número de parámetros supera al de observaciones. Evalúa con R² fuera de muestra y con la ratio de Sharpe de una estrategia de timing basada en la predicción, trazando ambos como función de la complejidad del modelo y de la penalización. La interpretación es sobre el mecanismo estadístico: por qué los modelos 'demasiado grandes' predicen mejor que los parsimoniosos (doble descenso, contracción implícita).","Obliga a repensar la intuición de sobreajuste: la métrica relevante es el desempeño fuera de muestra, no el número de parámetros.",alta
5,Dubé & Misra,2023,Personalized Pricing and Consumer Welfare,Journal of Political Economy,Top5,IO/demanda,LASSO (verosimilitud penalizada L1); weighted likelihood bootstrap,predicho vs observado; otro: validación fuera de muestra de las predicciones y de las ganancias en un segundo experimento de campo; otro: comparación con post-LASSO-MLE y con la regularización LASSO estándar,10.1086/720793,https://doi.org/10.1086/720793,164,"Con un experimento de precios aleatorizado en ZipRecruiter estiman un modelo de demanda con heterogeneidad en más de cien características del cliente mediante un estimador de verosimilitud penalizada L1 (LASSO) replicado con bootstrap de verosimilitud ponderada, y derivan precios personalizados óptimos. Un segundo experimento con nuevos clientes valida fuera de muestra las predicciones del modelo y las ganancias (55% por optimizar el precio uniforme y 19% adicional por personalizar); analizan el bienestar del consumidor (cae en total, pero más del 60% de los consumidores gana) y la relación no monótona entre la granularidad de los datos y el excedente.","Enseña a validar en el campo, fuera de muestra, un modelo de demanda regularizado y a traducir predicciones en decisiones de precios y bienestar.",alta
5,Alberto Abadie; Maximilian Kasy,2019,Choosing among Regularized Estimators in Empirical Economics: The Risk of Machine Learning,The Review of Economics and Statistics,TopField,guía para economistas,ridge; LASSO; pretest; estimadores de contracción (shrinkage),riesgo de estimadores; selección data-driven del parámetro de regularización,10.1162/rest_a_00812,https://doi.org/10.1162/rest_a_00812,61,"Compara el riesgo (error cuadrático) de estimadores regularizados (ridge, LASSO y pretest) en problemas típicos de economía (efectos de vecindario, sesgos de arbitraje, estimaciones por series) y muestra cómo elegir el estimador y su nivel de regularización con criterios basados en datos (estimación de riesgo tipo Stein y validación). Enseña que la regularización óptima depende de la estructura del problema y no del algoritmo de moda.",Lectura para la sesión de evaluación de estimadores: qué significa 'riesgo' y cómo se compara entre métodos regularizados.,alta
5,"Hauzenberger, Huber & Klieber",2023,Real-time inflation forecasting using non-linear dimension reduction techniques,International Journal of Forecasting,TopField,inflación,autoencoders; kernel PCA; PCA al cuadrado (no lineal); regresiones TVP con priors de shrinkage; PCA lineal (benchmark),"error por horizonte/régimen; comparación de familias de modelos; otro: desempeño acumulado en el tiempo para localizar las ganancias (recesiones, COVID); otro: evaluación de densidad con CRPS además de RMSE",10.1016/j.ijforecast.2022.03.002,https://doi.org/10.1016/j.ijforecast.2022.03.002,41,"Pronostica la inflación mensual de EE.UU. a uno y tres meses con datos en tiempo real, comprimiendo un panel grande en factores latentes mediante técnicas no lineales (autoencoders, kernel PCA, PCA al cuadrado) que alimentan regresiones con parámetros variables y shrinkage. Compara RMSE y CRPS contra la PCA lineal y sigue el desempeño relativo acumulado a lo largo del tiempo, mostrando que las no linealidades pagan sobre todo en recesiones y durante la pandemia.","Muestra que la ventaja de las técnicas no lineales se concentra en recesiones, con evaluación puntual y de densidad.",alta
5,"Babii, Ghysels & Striaukas",2022,Machine Learning Time Series Regressions With an Application to Nowcasting,Journal of Business & Economic Statistics,TopField,nowcasting PIB,sparse-group LASSO MIDAS; LASSO y group LASSO; regresiones de frecuencia mixta,ablación por grupos de variables; error por horizonte/régimen; comparación de familias de modelos; otro: comparación con el nowcast de la Fed de Nueva York,10.1080/07350015.2021.1899933,https://doi.org/10.1080/07350015.2021.1899933,32,"Desarrolla el sparse-group LASSO para regresiones MIDAS de alta dimensión (con teoría para datos dependientes y de colas pesadas) y lo aplica al nowcasting del crecimiento del PIB de EE.UU. con 34 series macrofinancieras del modelo de la Fed de Nueva York más 76 series de atención noticiosa de Bybee et al., respetando el calendario real de publicaciones. Evalúa el RMSE fuera de muestra a distintos horizontes dentro del trimestre frente a LASSO sin estructura y otros benchmarks, y muestra mediante ablación que los datos de texto añaden información a los datos numéricos tradicionales, con nowcasts a la par o mejores que los publicados por la Fed de Nueva York.",Muestra cómo la regularización estructurada por grupos hace interpretable qué bloques de datos —incluido texto— aportan al nowcast.,alta
6,Leo Breiman,2001,Random Forests,Machine Learning,Methods,interpretación,random forest; bagging,variable importance (permutación); importancia por impureza (Gini),10.1023/a:1010933404324,https://doi.org/10.1023/a:1010933404324,131539,"Introduce los bosques aleatorios y, con ellos, la medida de importancia por permutación: cuánto empeora el error out-of-bag cuando se permuta aleatoriamente una variable. Es el punto de partida de la 'importancia de variables' que reportan los economistas al usar random forests para predecir pobreza, precios o riesgo de crédito.",Referencia original del algoritmo y de la importancia por permutación; se cita al introducir las medidas de importancia globales.,alta
6,Tianqi Chen; Carlos Guestrin,2016,XGBoost: A Scalable Tree Boosting System,KDD,Methods,boosting,gradient boosting; XGBoost,importancia por ganancia/cobertura; compatibilidad con TreeSHAP,10.1145/2939672.2939785,https://doi.org/10.1145/2939672.2939785,52585,"Presenta XGBoost: boosting de árboles con regularización explícita, aproximación por cuantiles ponderados y manejo de datos faltantes (sparsity-aware), que lo convirtió en el algoritmo dominante para datos tabulares. Ke et al. (2017, NeurIPS, LightGBM) y Prokhorenkova et al. (2018, NeurIPS, CatBoost) son las variantes más rápidas y con mejor manejo de variables categóricas. En economía aplicada es el modelo de referencia para predicción tabular y el que se interpreta con TreeSHAP.",Referencia del algoritmo de boosting usado en los talleres; enlaza con la interpretación vía TreeSHAP.,alta
6,"Gu, Kelly & Xiu",2020,Empirical Asset Pricing via Machine Learning,Review of Financial Studies,TopFinance,asset pricing,"regresiones penalizadas (LASSO, ridge, elastic net); PCR/PLS; gradient boosting; random forest; redes neuronales (NN1–NN5)",R2 fuera de muestra; comparación de familias de modelos; variable importance; partial dependence; portafolios ordenados por predicción; heterogeneidad/efectos distributivos; otro: tests Diebold-Mariano de precisión predictiva entre pares de modelos,10.1093/rfs/hhaa009,https://doi.org/10.1093/rfs/hhaa009,2466,"Predice el exceso de retorno mensual de unas 30.000 acciones de EE. UU. (1957–2016) con 94 características de firma, dummies de industria y 8 variables macro. Evalúa con R² fuera de muestra en ventanas recursivas de entrenamiento/validación/prueba, tests de Diebold-Mariano entre modelos y portafolios por deciles de la predicción (retornos y Sharpe). Interpreta con importancia de variables definida como la reducción del R² al fijar en cero cada predictor (mapas de calor modelo por modelo), curvas de asociación marginal (dependencia parcial), interacciones entre predictores y R² separado para acciones grandes y pequeñas.",Es la plantilla canónica de cómo comparar familias de modelos fuera de muestra y luego abrir la caja negra con importancia de variables y efectos marginales.,alta
6,"Leippold, Wang & Zhou",2022,Machine learning in the Chinese stock market,Journal of Financial Economics,TopFinance,asset pricing (mercado emergente),"OLS-3, PLS, LASSO, elastic net; gradient boosting (GBRT); random forest; VASA; redes neuronales NN1–NN5",R2 fuera de muestra; comparación de familias de modelos; variable importance; portafolios ordenados por predicción; heterogeneidad/efectos distributivos; otro: costos de transacción,10.1016/j.jfineco.2021.08.017,https://doi.org/10.1016/j.jfineco.2021.08.017,591,"Replica el marco de Gu-Kelly-Xiu en el mercado accionario chino con 1.160 señales (características de firma, interacciones con macro e industria) para predecir retornos mensuales. Evalúa con R² fuera de muestra por modelo y horizonte y con portafolios largo-corto netos de costos de transacción. Interpreta con importancia de variables (dominan liquidez y fundamentales, no las señales de tendencia), estabilidad temporal de la importancia y heterogeneidad de la predictibilidad entre acciones pequeñas dominadas por minoristas y acciones grandes o estatales.","Muestra que el mismo pipeline de ML produce rankings de importancia distintos en otro mercado, invitando a leer la importancia de variables como evidencia institucional.",alta
6,"Medeiros, Vasconcelos, Veiga & Zilberman",2021,Forecasting Inflation in a Data-Rich Environment: The Benefits of Machine Learning Methods,Journal of Business & Economic Statistics,TopField,inflación,random forest; LASSO/adaLASSO; ridge; elastic net; boosting; redes neuronales; modelos de factores; combinación de modelos,variable importance; error por horizonte/régimen; comparación de familias de modelos; combinación de pronósticos; otro: RF/OLS (OLS con las variables elegidas por el RF) para separar selección de variables de no linealidad; otro: pruebas Giacomini-White y model confidence sets,10.1080/07350015.2019.1637745,https://doi.org/10.1080/07350015.2019.1637745,376,"Pronostica la inflación mensual del IPC de EE.UU. (horizontes 1 a 12 meses y acumulados) con FRED-MD, evaluando fuera de muestra 1990–2015 y en los subperíodos 1990–2000 y 2001–2015 mediante RMSE/MAE relativos al random walk, model confidence sets y pruebas de Giacomini-White. Interpreta el bosque aleatorio con medidas de importancia de variables, comparando qué selecciona el RF frente a LASSO y ridge en cada horizonte (precios, tasas de interés y tipo de cambio, empleo y vivienda), y estima un modelo RF/OLS para separar el efecto de la selección de variables del de la no linealidad. Además compara el desempeño en recesiones versus expansiones y en períodos de alta versus baja incertidumbre macroeconómica, donde el RF gana más.","Es la referencia canónica de random forest para inflación con importancia de variables y análisis por régimen, luego replicada por Naghi et al. (2024).",alta
6,"Bertomeu, Cheynel, Floyd & Pan",2021,Using machine learning to detect misstatements,Review of Accounting Studies,TopField,contabilidad/fraude,gradient boosting (GBRT); regresión logística con selección forward/backward (benchmark),"otro: precisión de detección fuera de muestra a uno y dos años; comparación de familias de modelos; variable importance; otro: interacciones entre variables contables, de auditoría y de mercado; heterogeneidad/efectos distributivos",10.1007/s11142-020-09563-8,https://doi.org/10.1007/s11142-020-09563-8,297,"Predice reexpresiones y errores contables en firmas de EE. UU. combinando variables contables, de auditoría, de gobierno y de mercado, con árboles de gradient boosting frente a regresiones logísticas con selección de variables. Evalúa la precisión de detección fuera de muestra a uno y dos años, comparando algoritmos y distinguiendo errores de irregularidades. Interpreta con rankings de importancia de variables, mostrando que las variables contables solo se vuelven importantes al interactuar con las de auditoría y de mercado, y caracteriza los grupos de firmas con mayor riesgo de error.",Muestra el uso de la importancia de variables y las interacciones para reinterpretar cuáles señales contables importan de verdad.,media
6,"Muchlinski, Siroky, He & Kocher",2016,Comparing Random Forest with Logistic Regression for Predicting Class-Imbalanced Civil War Onset Data,Political Analysis,PoliSci,economía política/conflicto,random forest; logit clásico; logit de eventos raros (Firth); logit regularizado L1,AUC/ROC; variable importance; partial dependence; otro: separation plots; clases desbalanceadas (eventos raros),10.1093/pan/mpv024,https://doi.org/10.1093/pan/mpv024,245,"Comparan random forests con tres especificaciones de regresión logística (clásica, de eventos raros de Firth y regularizada L1) para predecir el inicio de guerras civiles con datos muy desbalanceados. Evalúan en datos fuera de muestra con curvas ROC/AUC y separation plots, mostrando que el random forest predice correctamente muchos más inicios que cualquier logit, e interpretan el modelo con medidas de importancia de variables y gráficos de dependencia parcial que revelan relaciones no lineales.","Réplica del diseño random forest vs. logit de Kim y Zilinsky en otro dominio, con dependencia parcial e importancia de variables como herramientas de interpretación.",alta
6,"Patrick Bajari, Denis Nekipelov, Stephen P. Ryan, Miaoyu Yang",2015,Machine Learning Methods for Demand Estimation,American Economic Review: Papers & Proceedings,Top5-PP,demanda,LASSO; SVM; bagging; combinación de modelos (regresión lineal de predicciones); combinación de modelos (stacking) por regresión lineal; random forest; stepwise / forward stagewise,"R2 fuera de muestra; comparación ML vs hedónico/OLS; otro: RMSE fuera de muestra con validación en tres etapas (ajuste, pesos, prueba); otro: error de predicción fuera de muestra (RMSE) por método y para la combinación de modelos; otro: ponderaciones de la combinación de modelos como indicador de qué método aporta más",10.1257/aer.p20151021,https://www.aeaweb.org/articles?id=10.1257/aer.p20151021,223,"Predicen ventas/participaciones de mercado de snacks salados con datos de panel de escáner usando regresión lineal, stepwise, forward stagewise, LASSO, SVM, bagging y random forest, y luego combinan los modelos mediante una regresión lineal de sus predicciones. Usan una validación en tres partes (ajuste de cada modelo, estimación de los pesos de combinación en una segunda muestra y prueba en una tercera) y comparan el RMSE fuera de muestra de cada método frente al modelo lineal: los métodos de árboles (random forest y bagging) son los más precisos y reciben la mayor ponderación en la combinación. La interpretación se limita a la comparación de errores predictivos y a la lectura de los pesos de la combinación.","Primer 'manifiesto' en AER P&P de que el ML sirve para estimar demanda, con un protocolo limpio de validación fuera de muestra y combinación de modelos.",alta
6,"Erel, Stern, Tan & Weisbach",2021,Selecting Directors Using Machine Learning,Review of Financial Studies,TopFinance,gobierno corporativo,LASSO; ridge; redes neuronales; gradient boosting (XGBoost),otro: deciles de desempeño predicho vs. desempeño realizado en el conjunto de prueba; comparación de familias de modelos; variable importance; comparación con humanos/expertos; heterogeneidad/efectos distributivos,10.1093/rfs/hhab050,https://doi.org/10.1093/rfs/hhab050,213,"Predice el desempeño futuro de directores recién nombrados en empresas de EE. UU. (apoyo de accionistas y rentabilidad) a partir de sus características y las de la firma, con LASSO, ridge, redes neuronales y gradient boosting. Evalúa en un conjunto de prueba comparando los deciles de desempeño predicho con el desempeño realizado y con el de un pool realista de candidatos alternativos. Interpreta caracterizando a los directores 'predichos como malos' frente a los que el algoritmo recomendaría (más hombres, más directorías, menos calificaciones, redes más grandes) y contrastando las elecciones reales de las empresas con las del modelo.",Ilustra cómo un problema de selección de personas se convierte en uno de predicción y cómo interpretar las diferencias entre lo que elige el modelo y lo que eligen los humanos.,alta
6,"Chalfin, Danieli, Hillis, Jelveh, Luca, Ludwig & Mullainathan",2016,Productivity and Selection of Human Capital with Machine Learning,American Economic Review (Papers and Proceedings),Top5-PP,laboral / política pública,stochastic gradient boosting; LASSO,accuracy fuera de muestra; error por colas/cuantiles; otro: validación cruzada 5-fold; ganancias de bienestar al deseleccionar el 10% peor predicho frente a proxies convencionales,10.1257/aer.p20161029,https://doi.org/10.1257/aer.p20161029,192,"Predicen la mala conducta futura de policías de Filadelfia (quejas y uso de fuerza) con stochastic gradient boosting, con partición entrenamiento/prueba y validación cruzada de 5 pliegues, y el valor agregado futuro de maestros del proyecto MET con una regresión con penalización LASSO sobre un conjunto amplio de predictores de docentes, estudiantes y directores. Simulan las ganancias de deseleccionar a los trabajadores del decil peor predicho y reemplazarlos por trabajadores promedio (por ejemplo, 0,0167 desviaciones estándar en matemáticas y 0,0111 en lenguaje) y las comparan con lo que lograrían proxies convencionales.",Muestra la selección de personal como problema de predicción y cómo traducir la exactitud fuera de muestra en ganancias de productividad.,alta
6,"Petropoulos, Siakoulis, Stavroulakis & Vlachogiannakis",2020,Predicting bank insolvencies using machine learning techniques,International Journal of Forecasting,TopField,quiebras bancarias,random forest; redes neuronales; SVM; random forest de árboles de inferencia condicional; logit; análisis discriminante lineal,variable importance; comparación de familias de modelos; otro: validación fuera de muestra y fuera de tiempo (out-of-time); otro: prueba de generalización a una muestra de grandes bancos europeos,10.1016/j.ijforecast.2019.11.005,https://doi.org/10.1016/j.ijforecast.2019.11.005,161,"Predice la insolvencia de instituciones financieras de EE.UU. con variables del marco CAMELS, comparando logit y discriminante con SVM, redes neuronales y random forest. Evalúa con muestras fuera de muestra y fuera de tiempo: el random forest tiene el mejor desempeño y las redes neuronales casi lo igualan fuera de tiempo. Interpreta mediante la contribución marginal de las variables, mostrando que las métricas de rentabilidad y capital son las más importantes, y comprueba la generalización del modelo en bancos europeos.","Predicción de quiebras bancarias con random forest, importancia de variables CAMELS y validación temporal estricta.",alta
6,"Cao, Jiang, Wang & Yang",2024,From Man vs. Machine to Man + Machine: The art and AI of stock analyses,Journal of Financial Economics,TopFinance,analistas / texto financiero,random forest; gradient boosting; LSTM; regresiones penalizadas (LASSO/elastic net); procesamiento de texto de divulgaciones corporativas,comparación con humanos/expertos; accuracy fuera de muestra; heterogeneidad/efectos distributivos; comparación de familias de modelos; portafolios ordenados por predicción; otro: combinación humano + máquina,10.1016/j.jfineco.2024.103910,https://doi.org/10.1016/j.jfineco.2024.103910,132,"Construye un 'analista de IA' que predice el retorno a 12 meses implícito en el precio objetivo de acciones de EE. UU. con información financiera, texto de divulgaciones e indicadores macro, usando desde regresiones penalizadas hasta random forest, gradient boosting y LSTM. Evalúa fuera de muestra comparando la precisión de sus pronósticos con la de cada analista humano y los retornos de seguir a uno u otro. Interpreta con heterogeneidad (la IA gana cuando la información es abundante y las firmas complejas; los humanos ganan con intangibles, iliquidez y conocimiento institucional) y muestra que la combinación humano + máquina es la más precisa.",Modelo de cómo evaluar un predictor contra expertos y de cómo la heterogeneidad del error revela dónde aporta cada uno.,alta
6,"van Binsbergen, Han & Lopez-Lira",2023,Man versus Machine Learning: The Term Structure of Earnings Expectations and Conditional Biases,Review of Financial Studies,TopFinance,analistas / contabilidad,random forest; modelos lineales de pronóstico de utilidades (benchmark),comparación con humanos/expertos; variable importance; partial dependence; portafolios ordenados por predicción; otro: sesgo condicional de los analistas por horizonte de pronóstico; comparación de familias de modelos,10.1093/rfs/hhac085,https://doi.org/10.1093/rfs/hhac085,96,"Pronostica las utilidades por acción de firmas de EE. UU. a distintos horizontes (uno a tres años) con random forest, usando variables contables, de mercado y los propios pronósticos de los analistas, y define el sesgo condicional como la diferencia entre la expectativa del analista y el pronóstico óptimo del modelo. Evalúa fuera de muestra la precisión frente a los analistas y a modelos lineales (que no funcionan fuera de muestra). Interpreta con importancia de variables, gráficos de dependencia parcial de los errores respecto a las características, el sesgo por horizonte y portafolios ordenados por el sesgo, que predicen retornos negativos y concentran las patas cortas de muchas anomalías.",Muestra cómo un predictor de ML puede usarse como benchmark racional para medir sesgos humanos y luego explotarlos en la sección cruzada.,alta
6,"Andini, Ciani, de Blasio, D'Ignazio & Salvestrini",2018,Targeting with machine learning: An application to a tax rebate program in Italy,Journal of Economic Behavior & Organization,TopField,política pública/fiscal,"árboles de decisión (rpart, poda por validación cruzada de 10 pliegues); k-NN; random forest; modelo de probabilidad lineal",comparación con humanos/reglas existentes; accuracy fuera de muestra; otro: regla transparente derivada del árbol (umbrales de activos financieros e ingreso) frente a random forest y k-NN,10.1016/j.jebo.2018.09.010,https://doi.org/10.1016/j.jebo.2018.09.010,83,"Con la Encuesta de Ingresos y Riqueza de los Hogares del Banco de Italia predicen qué hogares habrían gastado (y no ahorrado) el bono fiscal de 80 euros de 2014, usando árboles de decisión podados por validación cruzada de 10 pliegues y comparándolos con k-NN, random forest y un modelo de probabilidad lineal. El ejercicio central contrasta la regla transparente del árbol (umbrales de activos financieros e ingreso familiar) con la regla de elegibilidad real basada en el ingreso individual, y estima que 29% del gasto (unos 2.000 millones de euros anuales) fue a beneficiarios que el algoritmo no identifica como los mejores destinatarios.",Ilustra la tensión entre transparencia (árbol) y precisión (random forest) y cómo contrastar una regla de ML con la regla de política existente.,alta
6,Alessi & Detken,2018,Identifying excessive credit growth and leverage,Journal of Financial Stability,TopField,crisis bancarias / política macroprudencial,random forest; árboles de clasificación (CART); logit (comparación),variable importance; AUC/ROC; otro: umbrales de alerta temprana derivados de un árbol de decisión; otro: evaluación fuera de muestra usando solo información previa a 2007; otro: función de pérdida del regulador (usefulness),10.1016/j.jfs.2017.06.005,https://doi.org/10.1016/j.jfs.2017.06.005,58,"Construye un sistema de alerta temprana de crisis bancarias para países de la UE con datos trimestrales hasta 2012 e indicadores de crédito (incluido crédito global), apalancamiento e inmobiliarios. Usa un random forest para seleccionar y ordenar por importancia los indicadores clave y un árbol de clasificación para derivar umbrales de alerta interpretables, evaluando con AUROC y una función de pérdida del policymaker, tanto en muestra como fuera de muestra con información previa a 2007.",Ejemplo de ML orientado a política macroprudencial: importancia de variables y umbrales interpretables para activar herramientas.,alta
6,Goulet Coulombe,2024,The Macroeconomy as a Random Forest,Journal of Applied Econometrics,TopField,desempleo e inflación,macroeconomic random forest (MRF); random forest; parámetros variables en el tiempo generalizados (GTVP),variable importance; otro: gráficos de coeficientes variables en el tiempo (GTVP) con bandas de credibilidad; otro: árboles sustitutos (surrogate trees) para leer el bosque; error por horizonte/régimen; comparación de familias de modelos,10.1002/jae.3030,https://doi.org/10.1002/jae.3030,44,"Propone el Macroeconomic Random Forest: una ecuación lineal cuyos coeficientes son estimados por un bosque aleatorio como funciones de muchas variables (GTVP). Pronostica desempleo e inflación de EE.UU. con FRED-MD y compara RMSE fuera de muestra contra numerosas alternativas (AR, factores, RF estándar, etc.), destacando que anticipa el salto del desempleo de 2008. La interpretación consiste en graficar los GTVP con intervalos de credibilidad (el peso de los indicadores adelantados casi se duplica antes de cada recesión; la curva de Phillips se aplana y es muy cíclica), medidas de importancia de variables diseñadas para MRF y árboles sustitutos.",Muestra cómo hacer interpretable un modelo de ML incrustándolo en una ecuación económica con coeficientes que cambian en el tiempo.,alta
6,Ward,2017,Spotting the Danger Zone: Forecasting Financial Crises with Classification Tree Ensembles and Many Predictors,Journal of Applied Econometrics,TopField,crisis bancarias,ensambles de árboles de clasificación (random forest); boosting; logit,AUC/ROC; variable importance; comparación de familias de modelos; error por horizonte/régimen; otro: validación cruzada Monte Carlo y réplica en tres bases (1870–2011 y dos paneles post-1970),10.1002/jae.2525,https://doi.org/10.1002/jae.2525,39,"Introduce los ensambles de árboles de clasificación en la literatura de alerta temprana de crisis bancarias, usando la base histórica de Jordà-Schularick-Taylor (1870–2011) y dos paneles amplios post-1970 (crisis de Laeven-Valencia). Evalúa fuera de muestra con curvas ROC y AUC (con intervalos de confianza) frente a los logit de mejor práctica: los ensambles permiten detectar el 80% de las crisis con un 20% de falsas alarmas, y la ganancia proviene de combinar muchos árboles y muchos predictores. Interpreta con medidas de importancia de variables del random forest (permutación y Gini) y analiza el desempeño por horizonte.","Pionero de los ensambles de árboles para crisis bancarias en econometría aplicada, con código replicable en el archivo del JAE.",alta
6,"Bazzi, Blair, Blattman, Dube, Gudgeon & Peck",2022,The Promise and Pitfalls of Conflict Prediction: Evidence from Colombia and Indonesia,The Review of Economics and Statistics,TopField,crimen/conflicto,LASSO (logístico); random forest; gradient boosted machines; redes neuronales; ensemble Bayesian model averaging (EBMA),AUC/ROC; R2 fuera de muestra; ablación por grupos de variables; error por colas/cuantiles; otro: comparación de algoritmos y ensamble; niveles persistentes vs. nuevos brotes y escaladas,10.1162/rest_a_01016,https://doi.org/10.1162/rest_a_01016,38,"Predicen la violencia del año siguiente en municipios de Colombia y localidades de Indonesia con dos décadas de datos y cientos de factores de riesgo anuales, comparando LASSO, random forests, gradient boosted machines, redes neuronales y un promedio de modelos (EBMA). Los hiperparámetros se eligen maximizando el AUC fuera de muestra con validación cruzada de 5 pliegues y la evaluación es a un año vista: el AUC del ensamble supera 0,82 para al menos un evento, 0,91 para cinco o más eventos y 0,79 para escaladas, pero los modelos predicen mal los nuevos brotes o escaladas. Comparan conjuntos de predictores (historia desagregada de violencia vs. datos socioeconómicos) y muestran que LASSO rinde casi igual que los algoritmos más complejos.","Caso colombiano que enseña a distinguir entre predecir niveles persistentes y predecir cambios, y a comparar algoritmos y grupos de variables.",alta
6,Mueller & Rauh,2022,The Hard Problem of Prediction for Conflict Prevention,Journal of the European Economic Association,TopField,economía política/conflicto,LDA (modelo de tópicos) sobre millones de artículos de prensa; random forest,AUC/ROC; variable importance; error por colas/cuantiles; otro: inicios 'difíciles' en países sin historia reciente de conflicto; costos de falsas alarmas vs. conflictos no anticipados,10.1093/jeea/jvac025,https://doi.org/10.1093/jeea/jvac025,38,"Resumen cerca de cuatro millones de artículos de prensa con un modelo de tópicos (LDA) y usan los tópicos, junto con factores de riesgo convencionales, en un random forest para predecir el estallido de conflictos armados a nivel de país. Evalúan fuera de muestra con curvas ROC y AUC (0,83 usando solo texto), distinguiendo el problema difícil de predecir inicios en países sin historia reciente de conflicto, y analizan qué tópicos ganan importancia para esos inicios y el trade-off de costos entre falsas alarmas y conflictos no anticipados para la política de prevención.",Muestra cómo el texto no estructurado alimenta un random forest y cómo evaluar la predicción precisamente donde más importa: los inicios difíciles.,alta
6,"Bryzgalova, Pelger & Zhu",2025,Forest through the Trees: Building Cross-Sections of Stock Returns,Journal of Finance,TopFinance,asset pricing,árboles de decisión (AP-Trees); regularización tipo elastic net sobre portafolios; comparación con PCA y sorts tradicionales,otro: Sharpe y alfas fuera de muestra; comparación de familias de modelos; otro: interpretabilidad directa de las particiones del árbol (características e interacciones que definen cada portafolio); portafolios ordenados por predicción,10.1111/jofi.13477,https://doi.org/10.1111/jofi.13477,26,"Construye portafolios de prueba ('Asset Pricing Trees') que agrupan acciones de EE. UU. mediante particiones recursivas sobre características de firma, eligiendo los cortes que mejor abarcan el factor de descuento estocástico. Evalúa con ratios de Sharpe y alfas fuera de muestra frente a cientos de sorts simples y dobles y a portafolios basados en predicciones de ML (hasta tres veces mayor Sharpe con menos dimensiones). La interpretación descansa en la lectura directa de los árboles: qué características e interacciones definen cada portafolio y por qué el resultado es de baja dimensión.",Enseña que los árboles sirven no solo para predecir sino para construir objetos económicos interpretables (portafolios) cuya calidad se juzga fuera de muestra.,alta
6,Sansone & Zhu,2023,Using Machine Learning to Create an Early Warning System for Welfare Recipients,Oxford Bulletin of Economics and Statistics,TopField,laboral/bienestar social,LASSO; support vector regression; boosting; OLS y heurísticas simples (línea base),R2 fuera de muestra; comparación con humanos/reglas existentes; otro: identificación de los receptores con mayor riesgo de dependencia de largo plazo y ahorros simulados,10.1111/obes.12550,https://doi.org/10.1111/obes.12550,9,"Con datos administrativos de la seguridad social australiana (2014–2018, cerca de 1.800 predictores) predicen la proporción del tiempo que cada beneficiario permanecerá en apoyo de ingresos durante los cuatro años siguientes, comparando OLS y heurísticas simples con LASSO, regresión de vectores de soporte y boosting. El desempeño se mide fuera de muestra en una muestra de retención: los algoritmos elevan el R² en 14 puntos porcentuales (al menos 22%) respecto a los sistemas de alerta temprana en uso, y los autores muestran cómo identificar a los receptores con mayor riesgo de dependencia de largo plazo y los ahorros potenciales en costos de bienestar.",Caso de alerta temprana en política social que compara ML con las reglas heurísticas vigentes usando el R² fuera de muestra.,alta
6,"Ash, Galletta & Giommoni",2025,A Machine Learning Approach to Analyze and Support Anticorruption Policy,American Economic Journal: Economic Policy,TopField,economía política/corrupción,gradient boosting de árboles (XGBoost); OLS (línea base),AUC/ROC; accuracy fuera de muestra; variable importance; comparación con humanos/reglas existentes; otro: F1 y matriz de confusión; validación externa replicando estudios causales previos con la medida predicha; simulación de auditorías focalizadas,10.1257/pol.20210618,https://doi.org/10.1257/pol.20210618,5,"Con auditorías aleatorias de municipios brasileños y 797 categorías presupuestales como predictores, entrenan un clasificador de árboles con gradient boosting (XGBoost) para predecir corrupción, con partición 80/20 y validación cruzada de 5 pliegues para los hiperparámetros. En el conjunto de prueba reportan exactitud 0,74–0,76, AUC-ROC 0,793–0,834 y F1 0,663–0,687 (frente a AUC 0,56 de un OLS), un ranking de importancia de variables (los activos financieros líquidos entre los más importantes), la validación externa de la medida predicha replicando resultados causales previos sobre corrupción local, y una simulación de política en la que las auditorías focalizadas por el modelo detectan cerca del doble de municipios corruptos que las auditorías aleatorias con la misma tasa de auditoría.",Muestra cómo convertir una predicción en una medida útil para investigación causal y en una regla de auditoría comparada con la política vigente.,alta
7,Jerome H. Friedman,2001,Greedy Function Approximation: A Gradient Boosting Machine,The Annals of Statistics,Methods,interpretación,gradient boosting machine (GBM); árboles de regresión,partial dependence; importancia relativa de variables en árboles,10.1214/aos/1013203451,https://doi.org/10.1214/aos/1013203451,30230,"Formula el boosting como descenso de gradiente en el espacio de funciones (GBM) y, en su sección de interpretación, introduce los gráficos de dependencia parcial (PDP) y la importancia relativa de variables para ensambles de árboles. Es la referencia original tanto del algoritmo detrás de xgboost/lightgbm como del PDP con el que los economistas visualizan efectos marginales promedio no lineales.",Referencia original del boosting y de los PDP; se cita en las sesiones de boosting y de interpretación.,alta
7,Marco Tulio Ribeiro; Sameer Singh; Carlos Guestrin,2016,"""Why Should I Trust You?"": Explaining the Predictions of Any Classifier",KDD,Methods,interpretación,agnóstico al modelo; clasificadores de texto e imágenes,LIME; explicaciones locales con modelos sustitutos,10.1145/2939672.2939778,https://doi.org/10.1145/2939672.2939778,16297,"Propone LIME: aproximar localmente cualquier clasificador con un modelo lineal disperso ajustado sobre perturbaciones alrededor de la observación, para explicar una predicción individual de forma fiel e interpretable. En economía aplicada se usa como explicación local alternativa a SHAP y como ejemplo de las limitaciones de los modelos sustitutos (inestabilidad ante la definición de la vecindad).",Lectura complementaria de la sesión de interpretación: contraste entre LIME y SHAP como explicaciones locales.,alta
7,Scott M. Lundberg; Gabriel Erion; Hugh Chen; Alex DeGrave; Jordan M. Prutkin; Bala Nair; Ronit Katz; Jonathan Himmelfarb; Su-In Lee,2020,From local explanations to global understanding with explainable AI for trees,Nature Machine Intelligence,Methods,interpretación,random forest; gradient boosting (XGBoost/LightGBM),TreeSHAP; SHAP interaction values; gráficos de dependencia SHAP,10.1038/s42256-019-0138-9,https://doi.org/10.1038/s42256-019-0138-9,10040,"Desarrolla TreeSHAP, un algoritmo en tiempo polinomial que calcula valores de Shapley exactos para ensambles de árboles, y muestra cómo pasar de explicaciones locales a comprensión global (importancia, gráficos de dependencia, interacciones, agrupamiento supervisado). Es la base computacional de la interpretación de random forests y boosting que hoy usan los economistas; sin ella SHAP sería impracticable en muestras administrativas grandes.","Complemento técnico de la sesión de interpretación: explica por qué los SHAP de árboles son exactos y rápidos, y cómo leer los gráficos beeswarm y de dependencia.",alta
7,Cynthia Rudin,2019,Stop explaining black box machine learning models for high stakes decisions and use interpretable models instead,Nature Machine Intelligence,Methods,interpretación,"modelos interpretables (listas de reglas, scorecards)",interpretabilidad vs. explicabilidad; crítica a explicaciones post hoc,10.1038/s42256-019-0048-x,https://doi.org/10.1038/s42256-019-0048-x,10005,"Argumenta que las explicaciones post hoc (SHAP, LIME) de cajas negras pueden ser infieles al modelo y que, en decisiones de alto riesgo (crédito, justicia, salud), conviene entrenar modelos interpretables por diseño, que a menudo predicen igual de bien. Para el economista plantea el debate sobre cuándo un modelo de caja negra está justificado frente a un scorecard o una regresión.",Lectura crítica para cerrar la sesión de interpretación: interpretabilidad por diseño frente a explicaciones post hoc.,alta
7,Carolin Strobl; Anne-Laure Boulesteix; Achim Zeileis; Torsten Hothorn,2007,"Bias in random forest variable importance measures: Illustrations, sources and a solution",BMC Bioinformatics,Methods,interpretación,random forest; conditional inference forests,variable importance (permutación); sesgo de la importancia Gini,10.1186/1471-2105-8-25,https://doi.org/10.1186/1471-2105-8-25,3721,"Muestra que la importancia por impureza (Gini) y, en menor medida, la de permutación de los random forests están sesgadas a favor de variables continuas o con muchas categorías, y que el sesgo se corrige con árboles de inferencia condicional y muestreo sin reemplazo. Para el economista es la advertencia clave antes de interpretar rankings de importancia con covariables mixtas (ingreso continuo frente a dummies regionales).",Lectura de advertencia en la sesión de interpretación: evita leer los rankings de importancia como si fueran coeficientes.,alta
7,Alex Goldstein; Adam Kapelner; Justin Bleich; Emil Pitkin,2015,Peeking Inside the Black Box: Visualizing Statistical Learning With Plots of Individual Conditional Expectation,Journal of Computational and Graphical Statistics,Methods,interpretación,agnóstico al modelo,ICE; partial dependence; c-ICE / d-ICE,10.1080/10618600.2014.907095,https://doi.org/10.1080/10618600.2014.907095,1846,"Propone los gráficos ICE (expectativa condicional individual): en lugar del promedio que muestra el PDP, dibuja una curva por observación al variar una covariable, lo que revela heterogeneidad e interacciones que el PDP oculta. En economía aplicada sirve para detectar efectos heterogéneos de una variable (edad, ingreso) sobre la predicción y para diagnosticar cuándo el PDP es engañoso.",Lectura para la sesión de interpretación: complemento natural del PDP y puente hacia la heterogeneidad.,alta
7,Daniel W. Apley; Jingyu Zhu,2020,Visualizing the Effects of Predictor Variables in Black Box Supervised Learning Models,Journal of the Royal Statistical Society: Series B (Statistical Methodology),Methods,interpretación,agnóstico al modelo,ALE; partial dependence,10.1111/rssb.12377,https://doi.org/10.1111/rssb.12377,1464,"Introduce los gráficos de efectos locales acumulados (ALE), que promedian cambios locales de la predicción sobre la distribución condicional y evitan extrapolar a combinaciones de covariables inexistentes, problema que afecta al PDP cuando los predictores están correlacionados; además son mucho más baratos de computar. Para datos económicos, donde educación, ingreso y edad se correlacionan, ALE es la alternativa recomendada al PDP.",Referencia base para ALE en la sesión de interpretación; justifica preferirlo al PDP con predictores correlacionados.,alta
7,Ulrike Grömping,2007,Estimators of Relative Importance in Linear Regression Based on Variance Decomposition,The American Statistician,Methods,interpretación,regresión lineal,"descomposición Shapley de R2; importancia relativa (LMG/Shapley, PMVD)",10.1198/000313007x188252,https://doi.org/10.1198/000313007x188252,610,"Revisa los estimadores de importancia relativa en regresión lineal basados en descomponer el R², en particular LMG, que coincide con el valor de Shapley del R² entre regresores, e introduce el paquete relaimpo. Con Israeli (2007, Journal of Economic Inequality, 'A Shapley-based decomposition of the R-square of a linear regression') y la fundamentación axiomática de Huettner & Sunder (2012, Electronic Journal of Statistics; valores de Shapley y Owen), es la referencia de la descomposición Shapley-Owen del R² que los economistas usan para atribuir varianza explicada a grupos de variables.",Puente entre la regresión y SHAP: muestra que el valor de Shapley ya era la solución a la 'importancia' de regresores en el modelo lineal.,alta
7,"Bianchi, Büchner & Tamoni",2021,Bond Risk Premiums with Machine Learning,Review of Financial Studies,TopFinance,asset pricing (bonos),"PLS; regresiones penalizadas (ridge, LASSO, elastic net); gradient boosting; random forest; extremely randomized trees; redes neuronales",R2 fuera de muestra; comparación de familias de modelos; variable importance; ablación por grupos de variables; heterogeneidad/efectos distributivos; otro: valor económico (retorno equivalente cierto) y tests Diebold-Mariano,10.1093/rfs/hhaa062,https://doi.org/10.1093/rfs/hhaa062,432,"Predice el exceso de retorno anual de bonos del Tesoro de EE. UU. de 2 a 10 años usando la curva de rendimientos y 128 variables macro-financieras (FRED-MD). Evalúa con R² fuera de muestra por vencimiento, tests Diebold-Mariano y ganancias económicas (retorno equivalente cierto) de un inversionista que usa los pronósticos. Interpreta con importancia relativa de variables, individual y agrupada por categorías macro, por vencimiento, comparando modelos con solo rendimientos vs. rendimientos + macro: las variables de mercado laboral y accionario importan en plazos cortos y las de producto e ingreso en plazos largos.",Muestra cómo la importancia de variables agrupada por bloques económicos convierte un pronóstico de caja negra en una historia sobre qué información macro no está contenida en la curva.,alta
7,"Avramov, Cheng & Metzker",2023,Machine Learning vs. Economic Restrictions: Evidence from Stock Return Predictability,Management Science,TopField,asset pricing,redes neuronales (NN3 tipo Gu-Kelly-Xiu); autoencoder condicional; GAN (SDF de Chen-Pelger-Zhu); IPCA,"portafolios ordenados por predicción; heterogeneidad/efectos distributivos; comparación de familias de modelos; otro: desempeño por subconjuntos (microcaps, firmas en dificultades, alta volatilidad), costos de transacción y patas larga vs. corta",10.1287/mnsc.2022.4449,https://doi.org/10.1287/mnsc.2022.4449,223,"Reevalúa las señales de retorno de acciones de EE. UU. generadas por redes neuronales, autoencoders condicionales y el SDF adversarial, midiendo la rentabilidad fuera de muestra de portafolios largo-corto. Interpreta dónde se concentra el desempeño: en microcaps, firmas en dificultades financieras, episodios de alta volatilidad y estados con altos límites al arbitraje, y cómo se deteriora al excluir esos segmentos, imponer costos de transacción o mirar solo la pata larga. Verifica además que las señales de ML coinciden con la mayoría de las anomalías conocidas.",Enseña a preguntarse en qué parte de la distribución vive la predictibilidad y si sobrevive a restricciones económicas realistas.,alta
7,"Omid Rafieian, Hema Yoganarasimhan",2021,Targeting and Privacy in Mobile Advertising,Marketing Science,TopField,marketing/publicidad (predicción de clics),"XGBoost; ingeniería de características conductuales y contextuales; comparación con regresión logística, CART y random forest",ablación por grupos de variables; otro: ganancia relativa de información (RIG) y AUC en conjunto de prueba retenido; otro: contrafactuales de políticas de segmentación con un modelo de subasta,10.1287/mksc.2020.1235,https://doi.org/10.1287/mksc.2020.1235,213,"Predicen la probabilidad de clic (CTR) de impresiones de anuncios en la principal red de publicidad in-app de un país asiático (unos 27 millones de impresiones para entrenamiento, validación y prueba, más 146 millones para generar variables; octubre de 2015) con XGBoost, elegido tras compararlo con regresión logística, árboles y random forest. Evalúan en un conjunto de prueba la ganancia relativa de información (RIG) sobre un modelo base que predice el CTR promedio (17.95%) y, como interpretación, hacen ablación por grupos de información: la mayor parte de la ganancia proviene de las variables conductuales frente a las contextuales. Una política de segmentación eficiente basada en el modelo elevaría el CTR promedio 66.8%.","Ejemplo modelo de 'ablación por grupos de variables' para interpretar qué información impulsa la predicción, en una revista top de marketing.",alta
7,"Bali, Beckmeyer, Mörke & Weigert",2023,Option Return Predictability with Machine Learning and Big Data,Review of Financial Studies,TopFinance,asset pricing (opciones),"regresiones penalizadas (ridge, LASSO, elastic net); PCR/PLS; gradient boosting; random forest; redes neuronales; ensambles",R2 fuera de muestra; comparación de familias de modelos; variable importance; ablación por grupos de variables; portafolios ordenados por predicción; heterogeneidad/efectos distributivos,10.1093/rfs/hhad017,https://doi.org/10.1093/rfs/hhad017,201,"Predice retornos mensuales de opciones sobre acciones de EE. UU. con cobertura delta (más de 12 millones de observaciones, 1996–2020) a partir de 265 características de la opción y de la acción subyacente. Evalúa con R² fuera de muestra (los modelos no lineales superan el 2,5 % mensual) y con portafolios largo-corto por deciles de predicción, con y sin costos de transacción. Interpreta con importancia de variables y ablación por grupos (las características basadas en opciones dominan; las de la acción añaden poder incremental), no linealidades e interacciones, y heterogeneidad de la predictibilidad según propiedad institucional y cobertura de analistas.","Ilustra la ablación por bloques de variables como forma de responder qué tipo de información añade valor, además de cuánto predice el modelo.",alta
7,"Chen, Cho, Dou & Lev",2022,Predicting Future Earnings Changes Using Machine Learning and Detailed Financial Data,Journal of Accounting Research,TopField,contabilidad / pronóstico de utilidades,random forest; stochastic gradient boosting; regresión logística (benchmarks),AUC/ROC; portafolios ordenados por predicción; comparación con humanos/expertos; comparación de familias de modelos; variable importance; partial dependence; otro: interacciones vía dependencia parcial de dos vías,10.1111/1475-679x.12429,https://doi.org/10.1111/1475-679X.12429,168,"Predice la dirección del cambio de utilidades a un año de firmas de EE. UU. usando miles de rubros detallados de los estados financieros en XBRL como predictores, con random forest y stochastic gradient boosting. Evalúa fuera de muestra con AUC (cerca de 67–69 %) y con retornos ajustados por tamaño de portafolios de cobertura formados a partir de la predicción, comparando con logits sobre pocos ratios y con los pronósticos de analistas. Interpreta con importancia de variables agregada por categoría de estado financiero y con gráficos de dependencia parcial de una y dos vías que muestran no linealidades e interacciones.","Ejemplo compacto de todo el ciclo: AUC, valor económico de la predicción, comparación con expertos e interpretación con dependencia parcial.",alta
7,Mullainathan & Obermeyer,2017,Does Machine Learning Automate Moral Hazard and Error?,American Economic Review (Papers and Proceedings),Top5-PP,salud,regresión logística de alta dimensión (predicción),AUC/ROC; variable importance; otro: la inspección de los predictores principales revela que la etiqueta mide utilización de servicios y no la enfermedad; otro: contraste con un resultado medido con menos error (mortalidad),10.1257/aer.p20171084,https://doi.org/10.1257/aer.p20171084,163,"Con 177.825 visitas a urgencias de un hospital académico (2010–2012) predicen el diagnóstico de accidente cerebrovascular en la semana siguiente a partir de demografía y diagnósticos previos con una regresión logística (AUC de 0,84). Los predictores más fuertes después de un stroke previo son lesión accidental, hallazgo anormal de mama, tamizaje de cáncer de colon y sinusitis aguda, lo que revela que la etiqueta captura pacientes de alta utilización (error de medición en y, no en x); al predecir mortalidad, medida con menos error, esos predictores pierden poder.",Advertencia breve y contundente sobre cómo interpretar las importancias de variables cuando la etiqueta está contaminada por decisiones humanas.,alta
7,"DeMiguel, Gil-Bazo, Nogales & Santos",2023,Machine learning and fund characteristics help to select mutual funds with positive alpha,Journal of Financial Economics,TopFinance,fondos de inversión,elastic net; gradient boosting; random forest,SHAP; variable importance; otro: interacciones y no linealidades vía medias condicionales de SHAP; portafolios ordenados por predicción; comparación de familias de modelos; heterogeneidad/efectos distributivos,10.1016/j.jfineco.2023.103737,https://doi.org/10.1016/j.jfineco.2023.103737,105,"Predice el alfa futuro de fondos mutuos de EE. UU. a partir de 17 características (desempeño pasado, actividad, flujos, costos, tamaño) con elastic net, gradient boosting y random forests. Evalúa con el alfa fuera de muestra de portafolios solo-largo negociables formados por deciles de predicción (cerca de 2,4 % anual neto de costos) y por subperíodos y estados de mercado. Interpreta con valores SHAP: importancia relativa de cada característica año a año, forma no lineal del efecto de cada una e interacciones, por ejemplo que el desempeño pasado predice mejor en fondos más activos.","Es la aplicación más limpia de SHAP en una revista top de finanzas: importancia, no linealidad e interacciones con un solo instrumento.",alta
7,"Bluwstein, Buckmann, Joseph, Kapadia & Şimşek",2023,"Credit growth, the yield curve and financial crisis prediction: Evidence from a machine learning approach",Journal of International Economics,TopField,crisis financieras,extremely randomised trees; random forest; árboles de decisión; SVM; redes neuronales; logit,SHAP/Shapley; Shapley regressions; AUC/ROC; predicho vs observado; otro: validación cruzada 5-fold repetida (anidada para hiperparámetros) y experimento de pronóstico recursivo; otro: no linealidades e interacciones (crédito global x pendiente de la curva de rendimientos),10.1016/j.jinteco.2023.103773,https://doi.org/10.1016/j.jinteco.2023.103773,91,"Predice crisis financieras en los dos años siguientes con datos macrofinancieros de 17 economías avanzadas (1870–2016, base Jordà-Schularick-Taylor) comparando varios modelos de ML con el logit. Evalúa fuera de muestra con AUC en validación cruzada 5-fold repetida (con validación anidada para hiperparámetros) y en un experimento de pronóstico recursivo, donde los modelos no lineales superan al logit. Descompone cada predicción en valores de Shapley para ordenar predictores (crecimiento del crédito y pendiente de la curva, domésticos y globales), usa regresiones de Shapley para juzgar significancia estadística, mapea no linealidades e interacciones (curva plana con tasas bajas y crédito alto) y descompone las señales previas a 2007–08 por país.",Ejemplo de referencia de valores de Shapley y regresiones de Shapley aplicados a alerta temprana de crisis en una revista top.,alta
7,"Engstrom, Hersh & Newhouse",2022,Poverty from Space: Using High Resolution Satellite Imagery for Estimating Economic Well-being,The World Bank Economic Review,TopField,pobreza/satélites,Lasso/post-Lasso; random forest; rasgos de objetos y texturas extraídos de imágenes satelitales de alta resolución,R2 fuera de muestra; descomposición de varianza/R2; variable importance; otro: comparación con luces nocturnas; precisión en las áreas más pobres,10.1093/wber/lhab015,https://doi.org/10.1093/wber/lhab015,86,"Extraen rasgos de objetos y texturas (densidad de edificios, sombras, autos, vías, techos, agricultura) de imágenes satelitales de alta resolución para predecir tasas de pobreza y log del consumo en 1.291 divisiones Grama Niladhari de Sri Lanka con modelos lineales regularizados (Lasso/post-Lasso) y random forests. El desempeño se evalúa con R² fuera de muestra por validación cruzada de 10 pliegues (0,59–0,61, casi idéntico al R² en muestra, lo que descarta sobreajuste) y leave-one-out, se compara con luces nocturnas (que explican solo cerca de 15%) y se descompone el poder explicativo por grupos de variables, verificando además la precisión en las divisiones más pobres.",Buen ejemplo de descomposición del R² por grupos de rasgos y de chequeo de sobreajuste comparando R² dentro y fuera de muestra.,alta
7,"Felix Lorenz, Jonas Willwersch, Marcelo Cajias, Franz Fuerst",2023,Interpretable machine learning for real estate market analysis,Real Estate Economics,TopField,vivienda/alquileres,"XGBoost; OLS, GAM y modelo espacial autorregresivo (benchmarks); búsqueda aleatoria de hiperparámetros",variable importance; partial dependence; R2 fuera de muestra; comparación ML vs hedónico/OLS; otro: gráficos de efectos locales acumulados (ALE); otro: trayectorias temporales de los efectos (2013–2019),10.1111/1540-6229.12397,https://doi.org/10.1111/1540-6229.12397,85,"Predicen alquileres de 52,966 anuncios de vivienda en Fráncfort (2013–2019) con XGBoost, usando OLS, GAM y un modelo espacial autorregresivo como referencia. El R² fuera de muestra de XGBoost es 92.5% frente a un R² ajustado de 0.880 (OLS) y 0.885 (SAR). La interpretación usa importancia de variables por permutación (promedio de 100 permutaciones), gráficos de dependencia parcial y de efectos locales acumulados (ALE), y sigue la evolución de esos efectos año a año: superficie y edad dominan, seguidas de la distancia al CBD y a amenidades, con 'distancias críticas' a partir de las cuales los alquileres caen más rápido; no emplean SHAP.",Es el artículo de referencia en Real Estate Economics sobre ML interpretable (PDP/ALE/importancia) aplicado a hedónicos.,alta
7,Ludwig & Mullainathan,2024,Machine Learning as a Tool for Hypothesis Generation,The Quarterly Journal of Economics,Top5,justicia penal / metodología,redes neuronales convolucionales (deep learning); GAN (StyleGAN) para morphing de imágenes,AUC/ROC; generación de hipótesis; comparación con humanos/expertos; otro: morphing de caras con un GAN y experimentos con sujetos para nombrar la característica que mueve la predicción,10.1093/qje/qjad055,https://doi.org/10.1093/qje/qjad055,83,"Predicen la decisión de detención de los jueces a partir de los píxeles de la foto de fichaje del acusado con una red convolucional: solo con la cara logran un AUC fuera de muestra de 0,625 (frente a 0,780 con las variables convencionales), lo que explica hasta la mitad de la variación predecible. En lugar de importancias de variables, morfan caras con un GAN para maximizar o minimizar la predicción y piden a sujetos humanos que nombren qué cambia; así emergen dos hipótesis nuevas (estar bien arreglado y tener cara ancha o pesada), ortogonalizan la primera para descubrir la segunda y las validan en experimentos donde los sujetos deciden sobre morphs asignados aleatoriamente.","Muestra cómo abrir una caja negra de alta dimensión para generar hipótesis interpretables y nuevas, no solo para predecir.",alta
7,"Juergen Deppner, Benedict von Ahlefeldt-Dehn, Eli Beracha, Wolfgang Schaefers",2025,Boosting the Accuracy of Commercial Real Estate Appraisals: An Interpretable Machine Learning Approach,The Journal of Real Estate Finance and Economics,TopField,inmobiliario comercial/avalúos,XGBoost (árboles potenciados); importancia por permutación,"variable importance; otro: error de avalúo (MAPE, MPE) antes y después de la corrección por ML, por tipo de propiedad y año; otro: validación cruzada 10-fold con intervalos bootstrap (1,000 réplicas)",10.1007/s11146-023-09944-1,https://doi.org/10.1007/s11146-023-09944-1,37,"Modelan las desviaciones entre avalúos y precios de transacción de 7,133 propiedades comerciales del NCREIF Property Index (EE. UU., 1997–2021; apartamentos, industrial, oficinas y comercio) con XGBoost y 50 covariables, para 'corregir' los avalúos. Evalúan con validación cruzada de 10 pliegues y bootstrap: el MAPE agregado baja de 11.12% a 9.25% y el sesgo estructural desaparece, con mejoras mayores en apartamentos (20.5%) que en comercio (14.2%). La interpretación usa importancia de variables por permutación: la localización (coordenadas) explica cerca del 40% de la variación explicada, seguida de la ocupación del edificio y el capex del trimestre anterior; no usan SHAP ni dependencia parcial.","Muestra el uso de importancia por permutación y de errores por segmento (tipo de propiedad, año) para interpretar un modelo de boosting en valoración.",alta
7,"Joseph, Potjagailo, Chakraborty & Kapetanios",2024,Forecasting UK inflation bottom up,International Journal of Forecasting,TopField,inflación,ridge; LASSO; elastic net; PCA/PLS; random forest; SVM; redes neuronales,SHAP/Shapley; ablación por grupos de variables; error por horizonte/régimen; comparación de familias de modelos; otro: reagregación de los valores de Shapley por categorías del IPC,10.1016/j.ijforecast.2024.01.001,https://doi.org/10.1016/j.ijforecast.2024.01.001,28,"Pronostica la inflación total y subyacente del Reino Unido a 6 y 12 meses usando cientos de series desagregadas de ítems del IPC (2002–2021) más indicadores macro, con reducción de dimensión, shrinkage y modelos no lineales. Evalúa con ventanas móviles pseudo fuera de muestra y RMSE relativo al AR con pruebas de significancia, distinguiendo el desempeño en fases de inflación al alza o a la baja y en valores extremos (el ridge con ítems gana a 6 meses; los métodos no lineales ayudan en horizontes cortos cuando la inflación sube). Interpreta con descomposiciones de Shapley reagregadas por categorías interpretables del IPC (energía, alimentos, etc.) y contrasta la estabilidad de las importancias del ridge frente a la variabilidad del random forest.",Ejemplo de interpretación con Shapley agregado por categorías económicas en la práctica de un banco central.,alta
7,"Naghi, O'Neill & Danielova Zaharieva",2024,The benefits of forecasting inflation with machine learning: New evidence,Journal of Applied Econometrics,TopField,inflación,random forest; LightGBM y XGBoost (gradient boosting); LASSO/ridge/elastic net; redes neuronales; modelos de volatilidad estocástica; combinación de modelos,SHAP/Shapley; variable importance; error por horizonte/régimen; comparación de familias de modelos; calibración; combinación de pronósticos,10.1002/jae.3088,https://doi.org/10.1002/jae.3088,22,"Replica a Medeiros et al. (2021) para la inflación de EE.UU. con FRED-MD y amplía el ejercicio: más métodos de ML (boosting con LightGBM/XGBoost, entre otros), datos de Canadá y Reino Unido, extensión de la muestra hasta octubre de 2022 y evaluación de cobertura y ancho de intervalos de predicción, con RMSE relativos y pruebas de igualdad predictiva. La réplica estrecha confirma al RF, pero la amplia muestra que otros métodos son competitivos y que el RF decepciona en la pandemia y la alta inflación de 2020–22, donde ganan un modelo de volatilidad estocástica y algunos boosting. Interpreta con valores de Shapley (paquete fastshap) para RF, LightGBM y XGBoost, identificando qué variables impulsan las predicciones.","Réplica ampliada con SHAP y evaluación en el episodio inflacionario 2020–22, ideal para discutir robustez y cambio de régimen.",alta
7,Dieudonné Tchuente,2026,Real Estate Automated Valuation Model with Explainable Artificial Intelligence Based on Shapley Values,The Journal of Real Estate Finance and Economics,TopField,vivienda/AVM explicable,XGBoost; random forest; SHAP (valores de Shapley),SHAP; variable importance; otro: explicaciones locales de predicciones individuales (contribución de cada valor de característica),10.1007/s11146-024-09998-9,https://doi.org/10.1007/s11146-024-09998-9,16,"Construye un AVM para el mercado inmobiliario francés con 1,505,033 transacciones de siete años en nueve grandes ciudades, usando XGBoost (y random forest como comparación) para predecir precios. Además de la precisión predictiva, el aporte central es acoplar el modelo con valores de Shapley (SHAP) para obtener explicaciones globales (importancia y dirección promedio de cada variable) y locales (contribución de cada valor de característica a una predicción individual), mostrando cómo un tasador puede auditar cada valoración automatizada.","Aplicación directa de SHAP a un AVM en JREFE, útil como plantilla de interpretación local y global; los detalles de datos provienen de fuentes secundarias.",media
7,Joseph,2019,From interpretability to inference: an estimation framework for universal approximators (Shapley regressions),Bank of England Staff Working Paper No. 784,WorkingPaper,métodos (inferencia con Shapley),"aproximadores universales; descomposición de Shapley-Taylor; gradient boosting; marco general para aproximadores universales (redes neuronales, random forest, SVM); random forest; redes neuronales",SHAP/Shapley; Shapley regressions; inferencia estadística sobre valores de Shapley; otro: coeficientes de participación de Shapley (Shapley share coefficients); otro: inferencia por bootstrap sobre los componentes de Shapley,10.2139/ssrn.3351091,https://www.bankofengland.co.uk/working-paper/2019/shapley-regressions-a-framework-for-statistical-inference-on-machine-learning-models,15,"Introduce las regresiones de Shapley: se descompone la predicción de un modelo de ML en valores de Shapley por variable y se regresa la variable objetivo sobre esos componentes para evaluar dirección, magnitud y significancia estadística, con incertidumbre por bootstrap adaptado a esquemas de entrenamiento y prueba. Demuestra que la estimación con valores de Shapley es asintóticamente insesgada y que la regresión lineal es un caso particular; la versión actual (actualizada en 2024, antes titulada 'Shapley regressions' y 'Parametric inference with universal function approximators') ilustra el marco con efectos de tratamiento heterogéneos. Es la herramienta usada luego por Bluwstein et al. (2023), Buckmann y Joseph (2023) y Joseph et al. (2024).",Es la fuente metodológica de las regresiones de Shapley empleadas en los artículos publicados del Banco de Inglaterra.,alta
7,"Tim Gyger, Simona Hauri, Simon Bühlmann, Manuel Lehner, Jaron Schlesinger, Fabio Sigrist",2026,Explainable spatial machine learning for hedonic real estate modeling,Real Estate Economics,TopField,vivienda/alquileres y precios,GPBoost (proceso gaussiano espacial + tree boosting); gradient boosting; modelos lineales (benchmarks); SHAP,SHAP; comparación ML vs hedónico/OLS; otro: análisis del aporte de las variables de localización y de la dependencia espacial (proceso gaussiano),10.1111/1540-6229.70030,https://doi.org/10.1111/1540-6229.70030,5,"Proponen un modelo híbrido que combina un proceso gaussiano espacial con tree boosting (GPBoost) para modelar alquileres y precios, y lo aplican a más de 1.5 millones de anuncios de apartamentos en alquiler en Alemania y a una base menor de precios de condominios. Comparan la precisión predictiva contra modelos lineales y de boosting sin componente espacial, mostrando ganancias por capturar simultáneamente no linealidades y dependencia espacial. Interpretan el modelo con valores SHAP promedio (la superficie útil es la variable más importante, con un efecto promedio cercano al 25%, seguida de calefacción, estándar, condición y año de construcción) y analizan en detalle el aporte de las variables de macro-localización.","Combina explícitamente dependencia espacial, boosting y SHAP en una revista top del área; es el estado del arte en hedónicos ML explicables.",media
7,Buckmann & Joseph,2023,An Interpretable Machine Learning Workflow with an Application to Economic Forecasting,International Journal of Central Banking,TopField,desempleo,gradient boosting; redes neuronales; random forest; SVM; ridge/LASSO; regresión lineal,SHAP/Shapley; Shapley regressions; variable importance; otro: formas funcionales aprendidas mediante gráficos de dependencia de Shapley; comparación de familias de modelos,,https://www.ijcb.org/journal/v19n4/interpretable-machine-learning-workflow-application-economic-forecasting,,"Propone un flujo de trabajo en tres pasos para usar ML en pronóstico económico: (i) comparación de modelos fuera de muestra, (ii) análisis de importancia de variables y (iii) inferencia estadística con descomposiciones de Shapley (regresiones de Shapley). Lo ilustra pronosticando el cambio del desempleo de EE.UU. a un año con FRED-MD, donde boosting y redes neuronales superan a los modelos lineales por captar relaciones no lineales y cambiantes; contrasta la importancia por permutación con la de Shapley, y muestra que subconjuntos de variables elegidos por expertos logran el mejor balance entre interpretabilidad y desempeño (versión IJCB 19(4), octubre 2023; la versión BoE SWP 984 de 2022 incluye a Robertson).","Flujo de trabajo estándar (comparar, importancia, inferencia con Shapley) directamente reutilizable como plantilla de clase.",alta
7,Scott M. Lundberg; Su-In Lee,2017,A Unified Approach to Interpreting Model Predictions,NeurIPS,Methods,interpretación,agnóstico al modelo; árboles/boosting; redes neuronales,SHAP; valores de Shapley,,https://papers.nips.cc/paper_files/paper/2017/hash/8a20a8621978632d76c43dfd28b67767-Abstract.html,,"Propone SHAP (SHapley Additive exPlanations): unifica seis métodos de explicación local (LIME, DeepLIFT, etc.) como medidas aditivas de importancia de atributos y demuestra que los valores de Shapley (Shapley, 1953; Štrumbelj & Kononenko, 2014, Knowledge and Information Systems) son la única solución que cumple precisión local, ausencia y consistencia. En economía aplicada es la referencia estándar para descomponer la predicción de un individuo (probabilidad de impago, precio predicho de una vivienda) en contribuciones por variable y agregarlas en importancias globales.",Lectura base para la sesión de interpretación: define formalmente los valores SHAP que se usan en clase con xgboost/ranger y los paquetes shap/shapviz.,alta
7,Aaron Fisher; Cynthia Rudin; Francesca Dominici,2019,"All Models are Wrong, but Many are Useful: Learning a Variable's Importance by Studying an Entire Class of Prediction Models Simultaneously",Journal of Machine Learning Research,Methods,interpretación,agnóstico al modelo,variable importance (permutación); model reliance; model class reliance; conjunto Rashomon,,https://jmlr.org/papers/v20/18-760.html,,"Formaliza la importancia por permutación como 'model reliance' (cuánto depende un modelo de una variable) y la extiende a 'model class reliance': el rango de importancia entre todos los modelos con buen desempeño (conjunto Rashomon). Da a la importancia por permutación una base estadística agnóstica al modelo, con intervalos de confianza, útil cuando varios modelos predicen igual de bien pero atribuyen la predicción a variables distintas.",Referencia formal para la importancia por permutación agnóstica al modelo y para discutir la no unicidad de las explicaciones.,alta
7,Christoph Molnar,2025,Interpretable Machine Learning: A Guide for Making Black Box Models Explainable (3rd ed.),Book,Book,interpretación,agnóstico al modelo; modelos interpretables,variable importance (permutación); partial dependence; ALE; ICE; LIME; SHAP; modelos interpretables,,https://christophm.github.io/interpretable-ml-book/,,"Libro abierto en línea que explica, con ejemplos y código, los modelos interpretables y los métodos agnósticos: importancia por permutación, PDP, ICE, ALE, LIME, valores de Shapley y SHAP, con sus ventajas y desventajas. Es el manual de referencia práctico para implementar e interpretar estas herramientas en R (iml, DALEX) y Python (shap).","Texto guía de la sesión de interpretación: capítulos de importancia por permutación, PDP, ALE, ICE, LIME y SHAP.",alta
8,"Jean, Burke, Xie, Davis, Lobell & Ermon",2016,Combining satellite imagery and machine learning to predict poverty,Science,GeneralScience,pobreza/satélites,CNN con transfer learning (luces nocturnas como tarea intermedia); regresión ridge sobre los rasgos de la CNN,R2 fuera de muestra; predicho vs observado; otro: generalización entre países; comparación con luces nocturnas y con datos de telefonía; poder predictivo bajo la línea de pobreza,10.1126/science.aaf7894,https://doi.org/10.1126/science.aaf7894,1685,"Predicen consumo y activos a nivel de clúster en Nigeria, Tanzania, Uganda, Malawi y Ruanda con una red convolucional entrenada por transferencia (aprende primero a predecir luces nocturnas desde imágenes diurnas) cuyos rasgos alimentan una regresión ridge. El desempeño se mide con R² validado cruzadamente (explican hasta 75% de la variación en activos y menos en consumo), se prueba la generalización entrenando en un país y prediciendo en otro, se compara con luces nocturnas y con el enfoque de telefonía de Blumenstock et al., y se examina el poder predictivo entre los clústeres por debajo de la línea de pobreza.","Referencia obligada de predicción con imágenes satelitales que ilustra validación cruzada, transferencia entre países y comparación con proxies existentes.",alta
8,"Chen, Pelger & Zhu",2024,Deep Learning in Asset Pricing,Management Science,TopField,asset pricing,redes neuronales profundas (feedforward); LSTM (estados macro); GAN (entrenamiento adversarial); comparación con elastic net y modelos lineales de factores,"otro: Sharpe fuera de muestra, variación explicada y R2 transversal; comparación de familias de modelos; variable importance; portafolios ordenados por predicción; otro: análisis de sensibilidad (gradiente absoluto promedio) de los pesos del SDF a características y variables macro",10.1287/mnsc.2023.4695,https://doi.org/10.1287/mnsc.2023.4695,440,"Estima un factor de descuento estocástico no lineal para acciones individuales de EE. UU. (1967–2016) usando 46 características de firma y 178 series macro resumidas por una LSTM, con una red adversarial que construye los activos de prueba más informativos. Evalúa fuera de muestra con ratio de Sharpe, variación explicada y R² transversal frente a modelos lineales, Fama-French y redes de pronóstico tipo Gu-Kelly-Xiu. Interpreta con importancia de variables basada en la sensibilidad (gradiente absoluto promedio) de los pesos del SDF a cada característica y variable macro, y con portafolios por deciles de exposición al SDF.",Muestra que la interpretación por sensibilidad (gradientes) funciona en redes profundas y que la función objetivo puede ser económica (no arbitraje) en vez de un error de predicción.,alta
8,Lopez-Lira & Tang,2026,Can ChatGPT forecast stock price movements? Return predictability and large language models,Journal of Financial Economics,TopFinance,texto financiero (LLM),"modelos de lenguaje (GPT-4, GPT-3.5 y otros LLM); BERT y diccionarios de sentimiento como comparación",accuracy fuera de muestra; portafolios ordenados por predicción; comparación de familias de modelos; heterogeneidad/efectos distributivos; otro: evolución temporal de la predictibilidad y costos de transacción,10.1016/j.jfineco.2026.104335,https://doi.org/10.1016/j.jfineco.2026.104335,398,"Usa titulares de noticias posteriores a la fecha de corte de entrenamiento de los LLM y pide a GPT-4 (y a modelos menores) clasificar si cada noticia es buena o mala para la acción, para luego predecir la reacción inicial y la deriva posterior de los retornos diarios. Evalúa fuera de muestra con tasas de acierto por portafolio-día, regresiones predictivas y retornos y Sharpe de estrategias largo-corto netas de costos, comparando tamaños y familias de modelos. Interpreta con heterogeneidad (más predictibilidad en acciones pequeñas y noticias negativas) y con el decaimiento de los retornos a medida que se adopta la tecnología.","Muestra cómo evaluar un LLM como predictor con los mismos estándares (fuera de muestra, portafolios, heterogeneidad) que cualquier modelo de ML.",alta
8,"Nikhil Naik, Scott Duke Kominers, Ramesh Raskar, Edward L. Glaeser, César A. Hidalgo",2017,Computer vision uncovers predictors of physical urban change,Proceedings of the National Academy of Sciences,GeneralScience,urbano/visión,segmentación semántica de imágenes; características GIST/texton; support vector regression (Streetscore) entrenada con comparaciones humanas de Place Pulse,"predicho vs observado; otro: validación externa con evaluadores humanos (MTurk, estudiantes de arquitectura) y permisos de construcción; otro: regresiones de la predicción (Streetchange) sobre variables censales",10.1073/pnas.1619003114,https://doi.org/10.1073/pnas.1619003114,300,"Construyen 'Streetchange', el cambio 2007–2014 en la seguridad percibida de 1,645,760 recortes de imágenes de Google Street View en cinco ciudades de EE. UU. (Baltimore, Boston, Detroit, Nueva York y Washington), con un modelo de visión (segmentación + GIST/texton + regresión de soporte vectorial) entrenado con 186,188 comparaciones humanas de Place Pulse. Validan las predicciones contra evaluadores de Mechanical Turk (correlación de Spearman 0.72), estudiantes de arquitectura (74% de acuerdo) y datos de nueva construcción en Boston. Luego regresan Streetchange sobre variables censales: la proporción de adultos con educación universitaria, la apariencia inicial del barrio, la cercanía al CBD y la apariencia de los barrios vecinos predicen la mejora física.",Muestra el flujo completo 'predicción con imágenes → validación externa → interpretación económica' que Glaeser y coautores usan en economía urbana.,alta
8,"Edward L. Glaeser, Scott Duke Kominers, Michael Luca, Nikhil Naik",2018,Big Data and Big Cities: The Promises and Limitations of Improved Measures of Urban Life,Economic Inquiry,TopField,urbano/visión,visión por computador sobre imágenes de Google Street View; regresión de características visuales sobre ingreso,"R2 fuera de muestra; predicho vs observado; otro: transferencia del modelo entre ciudades (entrenado en Nueva York, aplicado a Boston)",10.1111/ecin.12364,https://doi.org/10.1111/ecin.12364,239,"Predicen el ingreso mediano familiar (ACS 2006–2010) de 2,439 grupos de bloques censales de Nueva York a partir de características visuales de imágenes de Google Street View (10 imágenes por grupo de bloques). Reportan un R² fuera de muestra de 0.77 en Nueva York y de 0.71 al aplicar el mismo modelo a 459 grupos de bloques de Boston (15 imágenes por grupo). El resto del artículo discute usos y límites de estas fuentes de datos para medir barrios y ciudades, incluida la extrapolación a zonas sin datos en países en desarrollo.","Referencia accesible sobre la lógica de predicción fuera de muestra con imágenes y sus limitaciones para la economía urbana (revista general, no top-field).",alta
8,"Jiang, Kelly & Xiu",2023,(Re-)Imag(in)ing Price Trends,Journal of Finance,TopFinance,asset pricing (imágenes),redes neuronales convolucionales (CNN); transfer learning; comparación con señales de momentum/reversión y regresión logística,accuracy fuera de muestra; portafolios ordenados por predicción; comparación de familias de modelos; otro: transferencia entre horizontes y a mercados internacionales; otro: correlación de la señal aprendida con factores y señales conocidas,10.1111/jofi.13268,https://doi.org/10.1111/jofi.13268,143,"Convierte gráficos de precios (OHLC, volumen y media móvil) de acciones de EE. UU. en imágenes y entrena CNN para clasificar si el retorno futuro será positivo a 5, 20 y 60 días. Evalúa con accuracy fuera de muestra y con portafolios por deciles de la probabilidad predicha (retornos y Sharpe), comparando con momentum, reversión y modelos logísticos sobre señales tradicionales. Interpreta mostrando que los patrones aprendidos son distintos de las señales conocidas, que se transfieren a horizontes más largos y a mercados internacionales sin reentrenar, y cómo se relacionan con los factores estándar.",Muestra que la interpretación puede hacerse comparando la señal aprendida con benchmarks económicos y probando su transferencia a otros contextos.,alta
8,"Kaniel, Lin, Pelger & Van Nieuwerburgh",2023,Machine-learning the skill of mutual fund managers,Journal of Financial Economics,TopFinance,fondos de inversión,redes neuronales; comparación con modelos lineales y penalizados,portafolios ordenados por predicción; variable importance; otro: interacciones (sentimiento × flujos y momentum del fondo); heterogeneidad/efectos distributivos; comparación de familias de modelos,10.1016/j.jfineco.2023.07.004,https://doi.org/10.1016/j.jfineco.2023.07.004,111,"Predice el alfa futuro neto de comisiones de fondos mutuos de acciones de EE. UU. a partir de características del fondo, sus flujos y momentum, características de las acciones que posee y variables de sentimiento y macro. Evalúa con portafolios largo-corto por deciles de predicción fuera de muestra y compara redes neuronales con modelos lineales. Interpreta con importancia de variables (dominan el momentum y los flujos del fondo; las características de las acciones no predicen), interacciones no lineales entre sentimiento y flujos/momentum, y desempeño de la estrategia según el estado macro y de sentimiento.","Buen ejemplo de cómo una red neuronal revela interacciones económicas que un modelo lineal no captura, y de cómo reportarlas.",alta
8,"Sadhwani, Giesecke & Sirignano",2021,Deep Learning for Mortgage Risk,Journal of Financial Econometrics,TopField,crédito/hogares (hipotecas),redes neuronales profundas (multinomial); regresión logística (benchmark),AUC/ROC; predicho vs observado; comparación de familias de modelos; partial dependence; otro: análisis de sensibilidad de las probabilidades de transición a cada covariable e interacciones con el desempleo local,10.1093/jjfinec/nbaa025,https://doi.org/10.1093/jjfinec/nbaa025,103,"Predice las probabilidades mensuales de transición de estado (al día, mora, ejecución, prepago) de más de 120 millones de hipotecas de EE. UU. (1995–2014) con una red neuronal profunda, frente a una regresión logística con las mismas variables. Evalúa fuera de muestra con AUC por transición y con gráficos de prepagos e impagos predichos vs. observados a nivel de pool. Interpreta con análisis de sensibilidad: cómo cambia la probabilidad predicha al mover cada variable (gráficos tipo dependencia parcial), la fuerte no linealidad de la respuesta al desempleo local y las interacciones con otras características del préstamo.",Ejemplo temprano y claro de 'predicho vs. observado' agregado y de análisis de sensibilidad como sustituto de coeficientes en una red profunda.,alta
8,"Edward L. Glaeser, Michael Scott Kincaid, Nikhil Naik",2018,Computer Vision and Real Estate: Do Looks Matter and Do Incentives Determine Looks,NBER Working Paper No. 25174,WorkingPaper,vivienda/visión,CNN preentrenada (ResNet-101 sobre ImageNet) como extractor de características de imagen; regresión de precios sobre características de imagen,descomposición de varianza/R2; R2 fuera de muestra; otro: comparación del poder predictivo de las imágenes frente a las variables del tasador presencial; otro: bondad de ajuste en entrenamiento/prueba por grupos de ingreso (por debajo y por encima de la mediana),10.3386/w25174,https://www.nber.org/papers/w25174,40,"Predicen precios de venta de viviendas en Boston (2003–2015) usando imágenes exteriores de Google Street View convertidas en vectores de características con la CNN ResNet-101 (preentrenada en ImageNet), además de las variables del tasador municipal. La interpretación es una descomposición del R²: las imágenes explican 11.7% de la variación del precio residualizada por localización; añadidas a las variables básicas el R² sube a 0.328, frente a 0.313 al añadir la inspección presencial del tasador, con tablas de bondad de ajuste en muestras de entrenamiento y prueba cruzadas por grupos de ingreso. Luego usan el 'valor visual' predicho como regresor hedónico: una desviación estándar de apariencia vale 0.16 puntos logarítmicos, hay efectos de vecinos (0.4 por punto logarítmico) y las ejecuciones hipotecarias reducen el valor visual (−0.04).",Modelo de cómo cuantificar cuánto añade la visión por computador sobre un hedónico estándar y cómo usar la predicción como variable económica.,alta
8,"Aubry, Kräussl, Manso & Spaenjers",2023,Biased Auctioneers,Journal of Finance,TopFinance,activos reales (arte),redes neuronales (imagen de la obra + características); regresiones lineales de referencia,R2 fuera de muestra; predicho vs observado; comparación con humanos/expertos; variable importance; heterogeneidad/efectos distributivos; otro: persistencia y predictibilidad de los errores de los expertos,10.1111/jofi.13203,https://doi.org/10.1111/jofi.13203,35,"Predice el precio de remate de 1,1 millones de pinturas subastadas (2008–2015) con una red neuronal que combina la imagen de la obra y características del artista y de la obra, y compara con las estimaciones previas de las casas de subasta. Evalúa en un conjunto de prueba con R² fuera de muestra y con la relación entre la razón precio/estimación predicha y la realizada (y las tasas de no venta). Interpreta con importancia de variables (R² al eliminar bloques de características), heterogeneidad del aporte del modelo por artista (mayor en artistas de precios bajos y poco dispersos), y muestra que los errores de los expertos son persistentes y predecibles.",Muestra cómo usar un predictor de ML como contrafactual para diagnosticar sesgos de expertos humanos en un mercado real.,alta
8,Goulet Coulombe,2025,A Neural Phillips Curve and a Deep Output Gap,Journal of Business & Economic Statistics,TopField,inflación (curva de Phillips),hemisphere neural network (red neuronal con arquitectura restringida); deep learning,"otro: descomposición de cada pronóstico en contribuciones económicas (brecha de producto, expectativas, precios de materias primas); predicho vs observado; error por horizonte/régimen; comparación de familias de modelos",10.1080/07350015.2024.2421279,https://doi.org/10.1080/07350015.2024.2421279,10,"Estima una curva de Phillips neuronal para la inflación de EE.UU. con una red cuya última capa suma 'hemisferios' interpretables como estados latentes (brecha de producto profunda, expectativas, materias primas) construidos no linealmente a partir de muchos indicadores de holgura. Evalúa pronósticos fuera de muestra por RMSE frente a curvas de Phillips tradicionales y modelos de referencia, incluido el repunte inflacionario de 2021–22, que el modelo captura y atribuye a una brecha de producto positiva desde fines de 2020. La interpretación descompone el pronóstico en las contribuciones de sus componentes y compara la brecha estimada con la del CBO (volumen 43(3) de 2025; publicado en línea en 2024).","Ejemplo de red neuronal diseñada para que sus salidas sean interpretables económicamente, con pronósticos descompuestos por contribución.",alta
8,"Esther Rolf, Jonathan Proctor, Tamma Carleton, Ian Bolliger, Vaishaal Shankar, Miyabi Ishihara, Benjamin Recht, Solomon Hsiang",2021,A generalizable and accessible approach to machine learning with global satellite imagery,Nature Communications,GeneralScience,urbano/satelital,características convolucionales aleatorias (MOSAIKS); regresión ridge,R2 fuera de muestra; predicho vs observado; validación cruzada espacial; otro: extrapolación espacial entre regiones y superresolución de etiquetas,10.1038/s41467-021-24638-z,https://doi.org/10.1038/s41467-021-24638-z,6,"Predicen siete variables a nivel de celdas en EE. UU. (cobertura forestal, elevación, densidad poblacional, luces nocturnas, ingreso, longitud de vías y precio medio de la vivienda con datos de Zillow/ZTRAX) a partir de una única codificación de imágenes satelitales (características convolucionales aleatorias) seguida de regresión ridge. El desempeño se reporta como R² en una muestra de prueba retenida (0.52 para precios de vivienda, 0.45 para ingreso, 0.91 para cobertura forestal), con gráficos de predicho vs observado y pruebas de extrapolación espacial (entrenar en unas regiones y predecir en otras) para evaluar la generalización geográfica. Interpretan la incertidumbre y el costo computacional frente a redes profundas.",Muestra cómo evaluar honestamente la predicción espacial (hold-out y extrapolación geográfica) con precios de vivienda como uno de los objetivos.,alta
8,"Patrick Bajari, Zhihao Cen, Victor Chernozhukov, Manoj Manukonda, Suhas Vijaykumar, Jin Wang, Ramon Huerta, Junbo Li, Ling Leng, George Monokroussos, Shan Wang",2025,Hedonic prices and quality adjusted price indices powered by AI,Journal of Econometrics,Methods,hedónicos/índices de precios (IA),embeddings de texto (BERT); embeddings de imagen (ResNet-50); red neuronal multitarea; gradient boosting (comparación); regresión lineal sobre atributos de catálogo (comparación),R2 fuera de muestra; comparación ML vs hedónico/OLS; índices de precios; descomposición de varianza/R2,10.1016/j.jeconom.2025.106052,https://doi.org/10.1016/j.jeconom.2025.106052,5,"Predicen precios hedónicos de decenas de millones de productos de vestuario de Amazon (2013–2018) a partir de embeddings de texto (BERT) e imágenes (ResNet-50) que alimentan una red neuronal multitarea con una 'capa de valor' del producto. Evalúan el R² en conjunto de prueba (hold-out) mes a mes: 30–45% con atributos de catálogo en regresión lineal, 55–65% con embeddings en regresión lineal, 70–80% con árboles potenciados y 80–90% con la red multitarea. La interpretación consiste en convertir las predicciones en índices hedónicos de precios tipo Fisher (encadenados mensual y anualmente) y compararlos con índices de modelos emparejados, Jevons, Adobe DPI y el IPC de vestuario del BLS.",Es la referencia canónica de 'hedónicos con IA': muestra cómo el R² fuera de muestra justifica el uso de embeddings y cómo la predicción se traduce en índices de precios ajustados por calidad.,alta
8,"Vebjørn Almaas, Are Oust, Arne Johan Pollestad",2026,Giving Eyes to Automated Valuation Models: Computer Vision Assessment of Interior Home Condition,The Journal of Real Estate Finance and Economics,TopField,vivienda/visión,clasificación de imágenes por tipo de habitación (visión por computador); estimación de la condición del inmueble en escala 1–5; XGBoost; regresión hedónica lineal,comparación ML vs hedónico/OLS; error por colas/cuantiles; otro: comparación de la condición 'vista por máquina' con etiquetas humanas; otro: IA explicable sobre los patrones visuales que usa el modelo,10.1007/s11146-026-10071-w,https://doi.org/10.1007/s11146-026-10071-w,,"Usan 15,702 transacciones de condominios en Oslo (2022–2023) emparejadas con 393,914 fotos de anuncios; un modelo de visión clasifica cada foto por tipo de habitación y estima su condición en una escala 1–5, y estas medidas se incorporan a un hedónico lineal y a un AVM con XGBoost. Evalúan la mejora predictiva de la condición estimada por computador frente a la etiquetada por humanos (ganancias comparables) y frente al modelo sin condición. Interpretan los efectos: la condición pesa más en cocinas y baños y en viviendas de menor precio, y un análisis de IA explicable confirma que los modelos se apoyan en patrones visuales intuitivos y económicamente sensatos.","Ejemplo muy reciente de visión por computador integrada a un AVM, con evaluación contra etiquetas humanas y heterogeneidad por segmento de precio.",alta
9,"Deryugina, Heutel, Miller, Molitor & Reif",2019,The Mortality and Medical Costs of Air Pollution: Evidence from Changes in Wind Direction,American Economic Review,Top5,salud / ambiente,Cox-LASSO; random forest de supervivencia; gradient boosting,heterogeneidad de efectos; predicho vs observado; otro: validación cruzada 5-fold; efectos causales por grupos de esperanza de vida predicha; GATES de la inferencia genérica de ML,10.1257/aer.20180279,https://doi.org/10.1257/aer.20180279,782,"Con datos de Medicare predicen la esperanza de vida restante de cada beneficiario a partir de 1.062 variables (gasto médico previo, visitas ambulatorias y hospitalarias, datos de la ACS) con Cox-LASSO (penalización elegida por validación cruzada de 5 pliegues) y un random forest de supervivencia, comparando la esperanza de vida predicha con la observada entre los fallecidos. Luego estiman el efecto causal de PM2,5 (instrumentado con la dirección del viento) sobre la mortalidad por grupos de esperanza de vida predicha (más de 10, 5–10, 2–5, 1–2 y menos de 1 año), y aplican la inferencia genérica de ML de Chernozhukov et al. con gradient boosting en una muestra auxiliar para obtener efectos promedio por grupos ordenados: la mortalidad se concentra en cerca del 25% de la población mayor.",Muestra cómo un predictor de ML validado fuera de muestra se convierte en la variable de heterogeneidad de un diseño causal.,alta
9,"Bandiera, Prat, Hansen & Sadun",2020,CEO Behavior and Firm Performance,Journal of Political Economy,Top5,organizaciones / productividad,LDA (latent Dirichlet allocation); k-means y PCA (robustez),"otro: interpretación de los dos comportamientos puros del LDA por las actividades que cargan en cada uno; otro: robustez de la clasificación con PCA, k-means y datos simulados; otro: correlación del índice con el desempeño de la firma y evidencia de emparejamiento",10.1086/705331,https://doi.org/10.1086/705331,289,"Parsean diarios de uso del tiempo de 1.114 CEOs en seis países (actividades codificadas por tipo, duración y participantes) y reducen la dimensionalidad con un LDA de dos comportamientos puros; el índice resultante distingue líderes (reuniones multifuncionales de alto nivel) de gerentes (reuniones uno a uno con funciones centrales). Interpretan qué actividades cargan en cada comportamiento, verifican que la clasificación es robusta a PCA y k-means y a datos simulados, y relacionan el índice con la productividad de la firma en un modelo de asignación CEO-empresa.",Ejemplo de ML no supervisado (LDA) como herramienta de medición interpretable con datos no textuales.,alta
9,Davis & Heller,2017,Using Causal Forests to Predict Treatment Heterogeneity: An Application to Summer Jobs,American Economic Review (Papers and Proceedings),Top5-PP,laboral / crimen (política social),causal forest,heterogeneidad de efectos; predicho vs observado; otro: prueba en muestra de retención de si los jóvenes con mayor efecto predicho responden más al programa,10.1257/aer.p20171000,https://doi.org/10.1257/aer.p20171000,210,"Implementan el causal forest de Wager y Athey en dos ensayos aleatorizados del programa de empleo de verano para jóvenes de Chicago para predecir efectos individuales del tratamiento a partir de observables, con una explicación paso a paso dirigida a investigadores aplicados. Evalúan la utilidad práctica de la heterogeneidad predicha comprobando en una muestra de retención si los jóvenes con mayor efecto predicho efectivamente responden más; encuentran heterogeneidad en algunos resultados que las interacciones estándar no detectan y discuten las limitaciones del método.",Introducción aplicada a los bosques causales con una validación honesta de las predicciones de heterogeneidad fuera de muestra.,alta
9,"Bybee, Kelly, Manela & Xiu",2024,Business News and Business Cycles,Journal of Finance,TopFinance,texto financiero / macro,LDA (topic modeling); VAR aumentado con texto; regresiones penalizadas,descomposición de varianza/R2; variable importance; otro: identificación de los temas (narrativas) asociados a cada variable macro; otro: contribución incremental del texto en un VAR con validación temporal,10.1111/jofi.13377,https://doi.org/10.1111/jofi.13377,169,"Resume 800.000 artículos del Wall Street Journal (1984–2017) en 180 temas interpretables mediante LDA y usa la atención a cada tema para explicar y pronosticar producción industrial, empleo y retornos agregados. Evalúa el ajuste y la contribución incremental del texto en un VAR aumentado, reportando la fracción de varianza explicada (la atención a las noticias explica cerca del 25 % de los retornos del mercado). Interpreta identificando qué temas cargan sobre cada variable macro y recuperando las narrativas que acompañan las fluctuaciones del ciclo.",Ejemplo de ML no supervisado cuyo valor está en producir regresores interpretables que luego se evalúan por su poder explicativo y predictivo.,alta
9,Davis & Heller,2020,Rethinking the Benefits of Youth Employment Programs: The Heterogeneous Effects of Summer Jobs,The Review of Economics and Statistics,TopField,laboral/crimen,causal forest (Wager y Athey) con submuestras honestas,heterogeneidad de efectos; otro: caracterización de subgrupos por efecto de tratamiento predicho y exploración de mecanismos,10.1162/rest_a_00850,https://doi.org/10.1162/rest_a_00850,152,"Con dos experimentos aleatorizados del programa de empleo juvenil One Summer Chicago Plus (N=6.850, cohortes de 2012 y 2013), estiman efectos heterogéneos con un causal forest que usa submuestras honestas para predecir efectos de tratamiento como funciones no lineales de covariables de alta dimensión. Interpretan las predicciones agrupando a los jóvenes por efecto predicho, describiendo las características del subgrupo con impactos positivos en empleo (distinto de los jóvenes desconectados que suelen atender estos programas) y usando la heterogeneidad para explorar mecanismos entre crimen violento, crimen contra la propiedad y empleo.","Referencia estándar del uso de causal forests para describir quién se beneficia de un programa, útil para el módulo de heterogeneidad de efectos.",alta
9,"Hussam, Rigol & Roth",2022,Targeting High Ability Entrepreneurs Using Community Information: Mechanism Design in the Field,American Economic Review,Top5,desarrollo,causal forest,heterogeneidad de efectos; comparación con humanos/expertos; predicho vs observado; otro: muestra de retención (holdout) y validación cruzada del tamaño mínimo de nodo,10.1257/aer.20200751,https://doi.org/10.1257/aer.20200751,125,"En un experimento de transferencias de capital a microempresarios en India, predicen el retorno marginal al capital de cada individuo con un causal forest (Wager y Athey) entrenado con características de línea base, y en una muestra de retención comprueban cuán bien la predicción del ML anticipa los retornos verdaderos. Comparan esa predicción con los rankings de los vecinos: la información comunitaria predice heterogeneidad en retornos más allá de la predicción del ML (los vecinos superan al algoritmo), aunque los reportes se distorsionan cuando hay incentivos, lo que corrigen con mecanismos simples.","Contrasta la predicción de efectos heterogéneos por ML con el conocimiento local, usando validación en muestra de retención.",alta
9,Knittel & Stolper,2021,Machine Learning about Treatment Effect Heterogeneity: The Case of Household Energy Use,AEA Papers and Proceedings,Top5-PP,energía / ambiente,causal forest,heterogeneidad de efectos; variable importance; otro: distribución completa de los efectos individuales predichos; dinámica del efecto condicional a responder en el primer año,10.1257/pandp.20211090,https://doi.org/10.1257/pandp.20211090,64,"Usan causal forests para estimar los efectos heterogéneos de nudges conductuales repetidos (reportes de consumo energético del hogar) sobre el consumo eléctrico mensual: el efecto promedio es de −9 kWh, pero la distribución de respuestas va de −40 a +10 kWh. Identifican el consumo previo al tratamiento y el valor de la vivienda como las variables más usadas en las particiones del bosque (importancia de variables) y muestran que los hogares que respondieron en el primer año aprenden a reducir más con el tiempo, lo que sugiere posibilidades de focalización con ML.",Ejemplo compacto de cómo leer la distribución de efectos predichos y la importancia de variables de un bosque causal.,alta
9,"Chernozhukov, Demirer, Duflo & Fernández-Val",2025,"Fisher–Schultz Lecture: Generic Machine Learning Inference on Heterogeneous Treatment Effects in Randomized Experiments, With an Application to Immunization in India",Econometrica,Top5,desarrollo / salud (métodos causales),elastic net; random forest; boosting; redes neuronales; ensambles,"heterogeneidad de efectos; otro: BLP (mejor predictor lineal del efecto), GATES (efectos por grupos ordenados por el proxy) y CLAN (características de los más y menos impactados); división muestral repetida con agregación de p-valores e intervalos por medianas",10.3982/ecta19303,https://doi.org/10.3982/ECTA19303,24,"Propone inferencia válida en alta dimensión sobre rasgos clave de la heterogeneidad de efectos en experimentos aleatorizados usando proxies de ML (elastic net, random forests, boosting, redes neuronales) que no necesitan ser consistentes: el mejor predictor lineal del efecto (BLP), los efectos promedio por grupos ordenados según el proxy (GATES) y las características promedio de los más y menos impactados (CLAN), con división muestral repetida y agregación por cuantiles de p-valores e intervalos. Ilustra las herramientas con el experimento de incentivos a la inmunización en India y muestra cómo construir mejores proxies mediante aprendizaje causal.",Es el marco estándar para interpretar la heterogeneidad que un predictor de ML captura sin sobreajustar y con inferencia válida.,alta
9,"Robert Donnelly, Francisco J. R. Ruiz, David Blei, Susan Athey",2021,Counterfactual inference for consumer choice across many product categories,Quantitative Marketing and Economics,TopField,demanda,factorización matricial probabilística (elección discreta con factores latentes); inferencia variacional,predicho vs observado; otro: verosimilitud en datos retenidos de semanas con cambios de precio y quiebres de inventario; otro: comparación con modelos estimados categoría por categoría; otro: heterogeneidad en sensibilidad al precio y contrafactuales de descuentos personalizados,10.1007/s11129-021-09241-2,https://doi.org/10.1007/s11129-021-09241-2,20,"Estiman preferencias de consumidores en compras de supermercado en muchas categorías simultáneamente con un modelo de factorización matricial probabilística (preferencias y sensibilidades al precio correlacionadas entre productos) que incorpora atributos variables en el tiempo y quiebres de inventario. El desempeño se evalúa con datos retenidos de semanas con cambios de precio o productos agotados, comparando contra modelos que tratan cada categoría por separado; el modelo identifica mejor qué consumidores son más sensibles al precio de cada producto, incluso los que rara vez compran en una categoría. Como interpretación, simulan descuentos personalizados y muestran que el modelo más rico aumenta las ganancias de la personalización.",Muestra cómo validar un modelo de demanda 'ML' con datos retenidos elegidos por su contenido informativo (variación de precios) antes de hacer contrafactuales.,alta
9,"Susan Athey, David Blei, Robert Donnelly, Francisco Ruiz, Tobias Schmidt",2018,Estimating Heterogeneous Consumer Preferences for Restaurants and Travel Time Using Mobile Location Data,AEA Papers and Proceedings,Top5-PP,demanda/urbano,modelo de elección discreta con factores latentes (embeddings de restaurantes y usuarios); inferencia variacional bayesiana; descenso de gradiente estocástico,predicho vs observado; otro: comparación con logit multinomial y anidado en datos retenidos; otro: validación con cierres de restaurantes (reasignación de demanda predicha vs real),10.1257/pandp.20181031,https://www.aeaweb.org/articles?id=10.1257/pandp.20181031,17,"Modelan la elección de restaurante para almorzar de varios miles de usuarios anónimos de telefonía móvil en el Área de la Bahía de San Francisco, con características latentes de los restaurantes y preferencias heterogéneas por esas características y por el tiempo de viaje, estimadas con inferencia variacional. El desempeño se evalúa en datos retenidos frente a logit multinomial y anidado, y se valida comparando la reasignación de demanda predicha tras cierres de restaurantes (hacia locales cercanos vs lejanos) con la observada. Como interpretación, simulan qué tipo de restaurante atraería más consumidores en una ubicación dada.",Ejemplo de cómo un modelo de demanda 'tipo ML' se valida fuera de muestra y con eventos naturales (cierres) antes de usarse en contrafactuales urbanos.,alta
9,"Athey, Keleher & Spiess",2025,Machine learning who to nudge: Causal vs predictive targeting in a field experiment on student financial aid renewal,Journal of Econometrics,Methods,educación,causal forest; modelos predictivos de la probabilidad basal de renovar la ayuda; reglas híbridas,heterogeneidad de efectos; comparación con humanos/reglas existentes; otro: evaluación experimental de políticas de focalización causal vs. predictiva (beneficio capturado con la mitad de la muestra),10.1016/j.jeconom.2024.105945,https://doi.org/10.1016/j.jeconom.2024.105945,15,"En un experimento de campo con más de 53.000 estudiantes universitarios, comparan reglas para decidir a quién enviar recordatorios de renovación de ayuda financiera: focalización causal con causal forests (mayor efecto estimado) versus focalización predictiva basada en la probabilidad basal de renovar (baja o alta) y reglas híbridas. Evalúan las políticas con los datos experimentales (el recordatorio universal aumenta la presentación temprana 6,4 puntos porcentuales sobre una base de 37%) y muestran que focalizar a estudiantes con probabilidad basal intermedia es lo más efectivo, capturando cerca de 75% del beneficio con la mitad de la muestra, mientras que focalizar a los de baja probabilidad resulta contraproducente.","Contrasta explícitamente predecir riesgo versus predecir efecto como criterio de focalización, una distinción central para políticas educativas.",alta
9,"Haushofer, Niehaus, Paramo, Miguel & Walker",2025,Targeting Impact versus Deprivation,American Economic Review,Top5,focalización/pobreza,LASSO (benchmark); generalized random forest / causal forest; generalized random forests (causal forest) para predecir privación y efectos de tratamiento condicionales; random forest,comparación con humanos/reglas existentes; heterogeneidad de efectos; otro: bienestar social alcanzado por cada regla de focalización; sensibilidad al modelo predictivo (OLS vs. ML); otro: cross-fitting 5-fold repetido; comparación con OLS y LASSO; solapamiento entre los hogares más pobres y los más impactados; variable importance,10.1257/aer.20221650,https://doi.org/10.1257/aer.20221650,7,"Con datos experimentales de transferencias de efectivo en Kenia, usan generalized random forests para construir proxy means tests que predicen tanto la privación (consumo) como los efectos de tratamiento condicionales de cada hogar, y comparan reglas de focalización por privación versus por impacto predicho. La evaluación consiste en calcular el bienestar social alcanzado por cada regla bajo distintas preferencias redistributivas y en mostrar que un planificador que usara modelos más simples (OLS o ML menos sofisticado) podría llegar a conclusiones divergentes. Encuentran que focalizar solo por privación no es atractivo en términos de bienestar, incluso con preferencias muy redistributivas.",Plantea la focalización como un problema de predicción de efectos heterogéneos y muestra cómo la elección del modelo predictivo cambia la decisión de política.,alta
